fluctuation_peak_PeakPosMean,fluctuation_peak_PeakMagMean,fluctuation_centroid_Mean,rhythm_attack_time_Mean,rhythm_attack_time_Std
NO,6014.740255,4.065431,0.035,0.017321
NO,4999.025653,4.100424,0.032,0.006325
NO,5583.155825,4.117201,0.02,0.008165
NO,5122.991842,4.007723,0.032,0.008367
NO,5223.963011,4.030611,0.026667,0.015275
NO,5594.093773,4.030325,0.028333,0.009832
NO,5530.71125,4.010837,0.0325,0.007071
NO,5445.992389,3.981497,0.03,0.011547
NO,5426.257847,3.962732,0.032857,0.007559
YES,6026.267911,4.002286,0.034286,0.012724
YES,6391.19711,4.060477,0.0325,0.008864
NO,5353.643382,3.861419,0.03,0.01
NO,4956.612881,4.187718,0.04,0.014142
NO,4417.953131,4.151825,0,0
NO,5409.052727,4.051594,0.046667,0.011547
NO,4408.081812,4.06648,0.04,0
NO,4936.098098,4.075472,0.028,0.013038
NO,5641.352947,4.10732,0.034,0.013499
NO,5354.204815,4.020024,0.03875,0.016421
NO,5866.453074,3.994306,0.033333,0.01
NO,5734.020576,4.069005,0.032857,0.01976
NO,5665.96798,4.091736,0.03,0.010954
NO,4662.126898,3.918752,0.04,0
NO,4841.954652,4.18692,0.05,0.014142
NO,4173.473769,3.938333,0.04,0.018708
NO,4284.786361,4.195842,0.04,0.014142
NO,4759.379282,4.566247,0.031429,0.01069
NO,4840.932848,4.110747,0.025,0.005477
NO,5232.424695,4.136621,0.034,0.023022
NO,5251.400994,4.070757,0.03,0.007071
NO,5045.045741,4.147478,0.06,0.01
YES,7293.443521,4.201837,0.035,0.011952
NO,5502.317414,3.998596,0.0475,0.017078
YES,5402.721817,4.138269,0.04,0.010541
NO,5136.711203,4.022339,0.032,0.010954
NO,5332.06981,4.187717,0.04,0.020976
NO,5422.604345,4.223399,0.03,0.008165
NO,5176.714571,4.067714,0.0375,0.012583
NO,6311.749408,4.151514,0.036,0.011402
NO,5482.910292,4.087027,0.044,0.005477
NO,5373.73236,4.135855,0.04,0.011547
YES,6153.6166,4.115601,0.035,0.016903
NO,4759.379282,4.566247,0.031429,0.01069
NO,4840.932848,4.110747,0.025,0.005477
NO,5232.424695,4.136621,0.034,0.023022
NO,5251.400994,4.070757,0.03,0.007071
NO,5045.045741,4.147478,0.06,0.01
YES,7293.443521,4.201837,0.035,0.011952
NO,5502.317414,3.998596,0.0475,0.017078
YES,5402.721817,4.138269,0.04,0.010541
NO,5136.711203,4.022339,0.032,0.010954
NO,5332.06981,4.187717,0.04,0.020976
NO,5422.604345,4.223399,0.03,0.008165
NO,5176.714571,4.067714,0.0375,0.012583
NO,6311.749408,4.151514,0.036,0.011402
NO,5482.910292,4.087027,0.044,0.005477
NO,5373.73236,4.135855,0.04,0.011547
YES,6153.6166,4.115601,0.035,0.016903
NO,4786.748937,4.052874,0.045,0.007071
NO,5148.714524,4.002989,0.038571,0.01215
NO,6089.520239,4.012869,0.045,0.017321
NO,5276.827597,4.020293,0.035,0.01069
NO,5392.267947,3.97582,0.045,0.018708
NO,5816.308554,4.158194,0.04125,0.013562
NO,5292.500626,3.989223,0.043333,0.012111
NO,5278.985484,3.994357,0.045,0.023805
NO,5503.989937,4.037611,0.028,0.008367
NO,5022.849719,4.015631,0.036,0.031305
NO,5108.281067,4.02109,0.025,0.007071
NO,5708.215925,3.989623,0.047143,0.011127
NO,6414.332011,4.031937,0.036667,0.01118
NO,6005.277388,4.546658,0.023333,0.015275
YES,5847.68935,4.764825,0.053333,0.005774
YES,7802.940282,4.738219,0.035,0.01291
NO,5166.52735,4.740733,0.036667,0.015275
YES,5057.002938,4.710635,0.03,0.017321
YES,8316.883267,4.485269,0.0425,0.017078
YES,6511.47853,4.618732,0.023333,0.023094
YES,4779.113123,4.590239,0.046667,0.015275
YES,6489.81805,4.697339,0.0375,0.017078
YES,7554.902067,4.619081,0.056667,0.005774
YES,4692.957641,4.532755,0.036667,0.015275
YES,6474.75853,4.754854,0.043333,0.011547
YES,7795.926814,4.622927,0.04,0.02
YES,4556.584277,4.757935,0.033333,0.020817
NO,5185.522052,4.526,0.046667,0.005774
YES,4830.321485,4.425756,0.03875,0.006409
YES,5300.119381,4.082058,0.038571,0.008997
NO,5294.712874,4.120001,0.033333,0.013663
YES,6071.821775,4.127798,0.03,0.008165
NO,4474.925715,4.276428,0.046,0.015166
YES,5254.977957,4.24138,0.038333,0.020412
NO,4080.912739,4.270567,0.042,0.020494
YES,7419.802405,4.333661,0.04375,0.017678
YES,5563.583751,4.197155,0.031429,0.01215
NO,5395.022685,4.234422,0.036667,0.017512
YES,5679.651364,4.210566,0.031667,0.019408
NO,5158.820119,4.361962,0.05,0.03937
YES,4959.781555,4.360169,0.04,0.008165
NO,3475.895714,4.000002,0.024,0.008944
NO,3950.951915,4.07875,0.04,0.021602
NO,4248.135986,4.110367,0.043333,0.025166
NO,4282.102434,4.014782,0.02875,0.014577
NO,5200.688351,3.923923,0.023,0.008233
NO,4259.925351,4.04625,0.035,0.007559
NO,5478.094361,4.088934,0.028571,0.006901
NO,4355.478613,4.003761,0.024,0.011402
NO,4064.30341,4.079121,0.03375,0.009161
NO,4679.906954,4.017254,0.02375,0.005175
NO,4794.464648,4.068714,0.035,0.015119
NO,5690.625937,3.991294,0.036,0.008944
NO,5739.457734,4.454659,0.036,0.011402
YES,7583.422677,4.535169,0.036667,0.005774
YES,7843.5873,4.48387,0.0375,0.005
NO,6804.065584,4.031084,0.03,0
YES,6948.365252,4.675331,0.044,0.026077
YES,9195.714008,4.491722,0.036667,0.005774
YES,10304.59264,4.490767,0.0375,0.005
NO,6013.999128,4.265066,0.03,0.008165
YES,10034.43859,4.400932,0.04,0
YES,11982.27216,4.671817,0.04,0
YES,10289.77549,4.649066,0.03,0.014142
NO,5324.52098,4.123561,0.0275,0.012583
YES,8862.061068,4.332738,0.04,0.025495
YES,10894.55495,4.169922,0.033333,0.005774
NO,7773.066865,3.908654,0.032857,0.009512
YES,5787.813353,4.143147,0.03,0.010954
NO,5682.651015,4.101192,0.027,0.010593
NO,5208.002139,4.005853,0.038,0.008367
YES,5314.004349,4.222154,0.03,0.009258
YES,5698.867457,4.16501,0.027778,0.008333
NO,5742.664572,4.17066,0.03,0.007071
YES,6205.940564,4.233082,0.04,0.011547
NO,5586.941053,4.243316,0.026667,0.00866
NO,5273.38723,4.105761,0.028571,0.00378
YES,7204.299828,4.171813,0.028571,0.013452
NO,5608.884932,4.015614,0.034286,0.011339
NO,5965.540709,4.083407,0.036,0.005477
NO,5936.561928,4.064954,0.036667,0.012111
NO,7441.325834,4.082056,0.033333,0.007071
NO,5316.863408,4.124189,0.036667,0.005164
YES,5541.987322,4.094955,0.035714,0.009759
YES,5927.312628,4.049504,0.031429,0.008997
NO,6157.277671,4.100155,0.034,0.015166
YES,6330.237898,4.061839,0.033333,0.011547
NO,5458.175113,4.065642,0.036667,0.008165
NO,5167.599596,4.0176,0.0325,0.009574
NO,5488.206164,3.97686,0.05,0.014142
NO,5768.03338,4.124394,0.045,0.017321
YES,6366.510863,4.052414,0.038,0.014832
NO,5965.728402,4.088756,0.038571,0.01069
NO,5481.634367,4.073782,0.035,0.021213
YES,5725.500304,4.120301,0.0425,0.012583
NO,6012.354892,4.00696,0.036,0.011402
NO,3817.236565,4.210953,0.035,0.007071
NO,4829.929356,4.110884,0.033333,0.020817
NO,4032.154346,4.309001,0.027143,0.007559
NO,3254.585873,4.449186,0.013333,0.005774
NO,3256.030371,4.12507,0.035,0.01291
NO,3474.995195,4.219384,0.03,0.014142
NO,4374.170385,4.096826,0.025,0.01
NO,5542.489736,4.004719,0.02,0.006325
NO,4150.389836,4.107495,0.02,0.01
YES,4805.499616,4.068498,0.03,0.014142
NO,4378.474468,4.085456,0.0225,0.009574
NO,4426.024429,4.094602,0.04,0
NO,6582.350786,4.108821,0.035,0.007071
YES,4993.313743,4.153701,0.035,0.021213
NO,5907.188302,4.08543,0,0
NO,31793.94574,4.368081,0.035,0.021213
NO,5271.987766,3.996095,0.031111,0.013642
YES,5702.068426,4.04844,0.025556,0.010138
NO,5489.427528,4.022886,0.038333,0.01169
NO,5220.548193,4.09274,0.032,0.004472
NO,5367.002284,4.096175,0.042,0.013038
NO,4733.959191,3.876629,0.04,0.015492
NO,6718.40949,4.094633,0.038333,0.007528
YES,5906.548981,4.082626,0.031429,0.01069
NO,4741.93115,4.052601,0.024167,0.00793
NO,4764.144009,4.131768,0.03,0.01
NO,4938.28874,3.987332,0.037143,0.013801
NO,5857.713938,3.994924,0.041667,0.007528
NO,5668.890367,3.976214,0.035,0.008367
NO,6700.058691,4.009911,0.04,0.006325
YES,6963.198199,4.095388,0.0375,0.017078
NO,3479.481176,4.234902,0.035,0.008367
YES,5335.0117,4.190296,0.035714,0.015119
NO,5247.848335,4.226447,0.041667,0.01472
NO,3827.597169,4.328702,0.036667,0.013663
YES,5001.213712,4.226676,0.035,0.010488
YES,4020.508548,4.236253,0.042857,0.013801
YES,3325.837709,4.227952,0.04,0.02
NO,1822.007193,4.437961,0.033333,0.010328
NO,5954.904087,4.174316,0.043333,0.012111
YES,4937.009181,4.098147,0.04,0.021602
NO,3650.087435,4.174098,0.033333,0.017512
NO,5274.38874,3.95025,0.05,0
NO,5861.215913,4.483979,0.05,0
NO,6879.599351,3.93846,0.025,0.021213
NO,5954.068579,4.142883,0.043333,0.011547
NO,7268.254985,4.52691,0.043333,0.011547
NO,5210.772208,4.146281,0.03,0.01
NO,5606.321428,4.153173,0.04,0
NO,6090.753173,4.043405,0.035,0.021213
NO,6587.991389,4.180764,0.07,0
NO,7200.690054,4.102617,0.04,0.017321
NO,4371.022287,4.081248,0.027143,0.00488
NO,6650.484009,3.953885,0.03,0
NO,3761.86084,3.977925,0.04,0
NO,3963.520606,4.138898,0.045,0.005774
NO,4783.430691,4.089689,0.04,0.023664
NO,3999.615119,3.989605,0.035,0.007071
NO,4392.677896,4.000902,0.036,0.011402
NO,4400.766285,4.0902,0.0475,0.005
NO,4381.177018,4.004597,0.026667,0.008165
NO,4431.616042,4.153992,0.043333,0.005774
NO,4257.718022,4.051181,0.04,0.014142
YES,4043.683346,4.112859,0.03,0
NO,3688.141486,4.002257,0.025,0.005774
NO,3642.986417,4.016524,0.022,0.00414
NO,5882.277545,4.209105,0.038,0.008367
NO,5737.650184,4.286553,0.026667,0.01
YES,5586.160524,4.146859,0.03125,0.006409
NO,5877.897944,4.185277,0.031429,0.01069
YES,5984.396733,4.125235,0.034286,0.011339
NO,5531.995173,4.189516,0.035,0.018516
NO,5967.616422,4.104274,0.04,0.02
NO,5954.45131,4.303202,0.041667,0.017224
NO,6247.848164,4.189969,0.03125,0.00991
NO,6483.699503,4.18437,0.035,0.005477
YES,6253.490159,4.037737,0.033333,0.008165
NO,5529.587866,4.179404,0.034286,0.011339
NO,6470.561627,4.188558,0.0225,0.009574
NO,5420.192789,4.544854,0.037143,0.009512
YES,7324.803902,4.188439,0.03,0.02
NO,6571.883642,4.498232,0.035,0.015119
YES,6723.688829,4.293871,0.02875,0.01126
NO,6988.671266,4.603385,0.024286,0.007868
NO,5730.551143,4.590398,0.034,0.011402
NO,7581.285349,4.199156,0.026667,0.010328
NO,5205.270938,4.425143,0.02625,0.00744
NO,8521.726976,4.469577,0.038571,0.015736
NO,7749.219259,4.687763,0.028571,0.01069
NO,7335.788298,4.480507,0.03,0.018708
YES,7991.645858,4.554656,0.028571,0.013452
YES,5983.945322,4.495615,0.0325,0.012583
NO,6555.57283,4.364389,0.031667,0.007528
NO,3942.820434,4.38553,0.036667,0.01
NO,4515.32567,4.258874,0.03,0.006325
NO,5021.237941,4.084045,0.038571,0.014639
NO,4605.514564,4.145795,0.03125,0.012464
NO,4963.942626,4.441884,0.03,0.014142
NO,4852.678609,4.174452,0.041429,0.013452
NO,4903.630278,4.210604,0.04,0.01069
NO,5442.492649,4.166034,0.034444,0.01236
NO,4652.104674,4.108569,0.0375,0.017525
NO,4451.905909,4.283825,0.029,0.008756
NO,4722.9733,4.201484,0.03625,0.017678
NO,4832.334835,4.176665,0.037143,0.00488
NO,5379.232171,4.030856,0.026667,0.008165
NO,4863.101378,4.209519,0.038333,0.01169
NO,5552.78339,4.071104,0.038333,0.01169
NO,5981.807312,3.962392,0.037143,0.012536
NO,6233.043118,4.068539,0.02625,0.010607
NO,5792.802222,4.104546,0.03875,0.01126
NO,7403.394831,4.119132,0.041111,0.011667
NO,6014.906016,4.038084,0.051667,0.017224
NO,6052.998055,4.064869,0.031429,0.006901
NO,6202.401745,4.109448,0.035714,0.012724
NO,6565.943539,3.882512,0.035556,0.020683
YES,5378.932063,4.040975,0.04,0.008944
NO,6130.375008,3.987299,0.0375,0.012817
NO,6210.609011,4.116149,0.03125,0.012464
NO,10529.40306,3.999686,0.035,0.005774
NO,4634.719022,4.026918,0.05,0
NO,5080.09515,3.974017,0.07,0
YES,4504.067493,4.134977,0.033333,0.015275
NO,4681.373876,4.054096,0.043333,0.005774
NO,5391.092342,4.119706,0.04,0.01
NO,5824.807169,4.108893,0.04,0.017321
NO,4831.503239,4.15231,0.045,0.007071
YES,4182.140274,4.047384,0.032727,0.009045
NO,4358.427474,4.046934,0.037143,0.007559
NO,4162.683989,4.035976,0.045,0.035355
YES,4090.805086,4.036383,0.036667,0.005774
NO,4912.869658,4.066103,0.046667,0.020817
NO,5366.282203,4.229879,0.06,0
NO,4598.573273,4.070374,0.02,0
NO,6595.42017,4.118983,0.043333,0.015275
NO,4236.92397,4.415372,0.0375,0.01488
NO,4461.179411,4.301971,0.033,0.006749
YES,7857.313622,4.351045,0.03875,0.012464
YES,5020.851323,4.35674,0.032222,0.012019
NO,5313.533366,4.327283,0.032222,0.014814
YES,7319.36918,4.222019,0.035,0.01069
YES,4025.845451,4.314951,0.03625,0.015059
YES,4805.980796,4.45093,0.034286,0.009759
YES,7114.900101,4.290757,0.03,0.013093
NO,4370.378717,4.378015,0.027143,0.007559
NO,4409.901061,4.289697,0.03125,0.00991
YES,7380.038369,4.176045,0.03375,0.013025
YES,4974.811506,4.388879,0.031429,0.01069
NO,5185.9296,4.28778,0.028,0.013984
NO,5883.670743,4.317989,0.035,0.01069
NO,4607.199091,4.125104,0.0375,0.010351
NO,5840.46723,3.914812,0.036,0.016733
NO,5064.366051,4.010211,0.038333,0.019408
NO,4852.46664,4.044115,0.035,0.007071
NO,5231.469721,4.027445,0.03,0.012247
NO,4998.385248,3.988563,0.034286,0.016183
NO,5156.66757,4.024981,0.032,0.008367
NO,4536.951094,4.137443,0.036,0.008944
NO,5777.486542,4.013311,0.035,0.019748
NO,5251.208666,3.971424,0.031667,0.013292
NO,5002.174059,4.033354,0.04,0.017321
NO,5338.661291,3.986047,0.04,0.011547
NO,5391.708731,4.074024,0.031429,0.01215
NO,5519.665733,4.074294,0.028,0.004472
NO,6360.296182,4.107658,0.0225,0.005
NO,5459.742398,4.192886,0.0325,0.004629
YES,6030.619718,4.455964,0.038333,0.009832
NO,7083.87907,4.083219,0.04,0.008944
NO,6050.997957,4.189094,0.031,0.008756
NO,5462.595562,4.535765,0.035,0.005774
NO,6026.687965,4.33072,0.04,0.01291
NO,5974.868311,4.295894,0.03,0.008165
NO,6645.166182,4.474122,0.0475,0.009574
NO,5207.261282,4.193591,0.054,0.023022
NO,5349.391904,4.177612,0.035,0.005774
NO,6371.331723,4.241451,0.042,0.004472
NO,5208.840697,4.191029,0.025,0.010488
NO,14090.93113,4.259936,0.03,0
NO,4304.851902,4.319747,0.032857,0.007559
YES,4195.745919,4.571473,0.03375,0.009161
YES,4660.637219,4.394382,0.033333,0.005164
YES,4505.93018,4.431766,0.043333,0.017512
YES,5179.395393,4.643167,0.037,0.008233
NO,5483.859381,4.407546,0.032857,0.018898
NO,4980.015805,4.075004,0.031667,0.017224
YES,4392.058872,4.334443,0.03125,0.008345
YES,4799.756516,4.341916,0.035714,0.005345
NO,5870.284509,4.282217,0.041429,0.013452
NO,5131.903383,4.303054,0.03,0.005774
NO,4643.201791,4.404865,0.0325,0.015811
NO,4001.42801,4.280956,0.033333,0.015055
NO,6647.910694,4.190956,0.055,0.007071
NO,4401.670107,4.307005,0.036667,0.005774
YES,6258.045069,4.399832,0.035,0.007071
YES,7119.331336,4.516707,0.033333,0.005774
NO,5139.164602,4.25024,0.0275,0.012583
NO,5376.848402,4.105524,0.035,0.007071
YES,4086.235305,4.524136,0.04,0
YES,5796.645255,4.497773,0.035,0.007071
YES,5047.975428,4.300974,0.035,0.007071
YES,5994.73484,4.246399,0.04,0
YES,5994.397482,4.509701,0.03,0
YES,7181.254326,4.465925,0.033333,0.005774
NO,4448.85936,4.194344,0.0375,0.009574
YES,5171.025948,4.442767,0.04,0.01
YES,7636.635421,4.776819,0.04,0
YES,7588.805582,4.541956,0.035,0.007071
NO,30698.63215,3.949546,0.03,0
NO,8242.268052,4.797559,0.05,0.017321
NO,7299.962982,4.253904,0.035,0.025166
NO,7476.437512,4.012279,0.033333,0.005774
NO,5495.294428,4.190736,0.04,0.01
NO,4894.218636,4.259231,0.045,0.01
NO,5435.765601,4.364408,0.0425,0.009574
YES,7622.042815,4.548368,0.0275,0.005
NO,8318.540183,4.11333,0.036,0.024083
NO,5188.118106,4.343143,0.03,0.012247
NO,4844.122955,4.26912,0.038,0.004472
NO,5368.90917,4.365605,0.04,0.01
YES,7847.114589,4.533392,0.03,0.014142
NO,4575.088583,4.314881,0.02625,0.011877
NO,6604.910926,4.313327,0.031667,0.007528
YES,5348.30199,4.288997,0.038,0.008367
NO,4911.312808,3.938114,0.038333,0.01472
YES,5572.817447,4.227814,0.038333,0.01169
NO,5240.541455,4.30744,0.032857,0.00488
NO,4976.389848,4.119118,0.037143,0.009512
NO,6204.71448,4.244671,0.036,0.005477
NO,4925.641195,4.423542,0.031667,0.01472
NO,4822.856945,4.112873,0.033333,0.013663
NO,5699.482974,4.241702,0.038333,0.013292
NO,4457.180633,4.419794,0.044,0.011402
NO,5752.331725,4.086579,0.031429,0.01069
NO,6090.944989,3.97657,0.03,0.011547
NO,5783.642703,4.118269,0.032222,0.009718
NO,5852.638849,4.178983,0.04125,0.016421
NO,6157.446803,4.028464,0.037143,0.007559
NO,5450.811983,4.163839,0.036,0.015166
NO,5740.231766,4.077648,0.038333,0.007528
NO,6092.011495,4.028731,0.036667,0.005164
NO,5604.006838,4.088423,0.035,0.013784
NO,6063.529194,4.136793,0.0425,0.012583
YES,5965.148136,4.196256,0.036,0.008944
YES,12374.67059,4.244122,0.035,0.021213
NO,4427.838372,4.163028,0.035,0.017321
NO,4721.470905,4.011749,0.04,0.026458
NO,4849.638107,4.075308,0.053333,0.020817
NO,5606.73487,4.031521,0.0525,0.029861
NO,4544.248738,4.114507,0.0475,0.017078
NO,4368.043569,4.077484,0.046667,0.024221
NO,4548.533143,4.191288,0.042,0.013038
NO,4526.409262,4.112518,0.06,0.014142
NO,4591.163032,4.261125,0.052,0.020494
NO,4992.67857,4.129794,0.033333,0.005774
NO,4473.173917,4.112157,0.045,0.005774
NO,4959.303973,4.11188,0.035,0.020736
NO,4685.719179,4.107893,0.03,0.02
NO,4803.087897,4.122647,0.05,0.042426
NO,5217.184443,4.066363,0.03,0.021602
NO,8213.996716,4.139653,0.033333,0.005774
NO,4744.380067,4.020434,0.036,0.013416
NO,4905.168446,4.166092,0.034,0.011402
NO,4159.430523,4.105329,0.04,0
NO,4211.856169,3.961413,0.036667,0.010328
NO,4981.722513,3.890871,0.04,0
YES,4910.408523,4.084267,0.0475,0.009574
YES,4912.480283,4.084514,0.04,0
NO,3974.741896,4.019386,0.036667,0.005774
NO,4537.894407,4.040515,0.036,0.005477
NO,4959.141573,4.035776,0.04,0.014142
YES,4934.452529,4.035931,0.026,0.011402
NO,4925.001594,4.018862,0.035,0.01
NO,5482.717671,3.97663,0.0525,0.012583
NO,5808.055658,4.017564,0.04,0.014142
YES,5196.65162,4.076454,0.035,0.021213
NO,5901.387335,4.064895,0.04,0.014142
YES,6996.497782,4.150716,0.035,0.01291
NO,5783.468429,4.037467,0.035,0.007071
NO,6846.929956,4.014139,0.05,0.017321
NO,6075.154224,4.026452,0.0425,0.023629
NO,5789.641732,3.992299,0.033333,0.012111
NO,6766.644948,4.113125,0.046667,0.020817
NO,5840.669286,4.003646,0.0725,0.045
NO,5796.011395,3.979749,0.028,0.004472
NO,4939.947037,4.073478,0.01,0
NO,4584.590003,3.978318,0,0
NO,4355.715979,3.944891,0,0
YES,4564.173811,4.472187,0.03,0.012247
NO,5126.693194,4.066373,0.028571,0.01069
NO,5502.677154,4.195026,0.032857,0.007559
NO,5129.094283,4.095362,0.034,0.011402
NO,4956.806502,4.535504,0.026,0.011738
NO,5587.224475,4.088245,0.032,0.009189
NO,4471.656573,4.224409,0.032,0.017512
NO,4893.44459,4.190404,0.03375,0.005175
NO,6428.913301,4.266986,0.031429,0.013452
NO,5365.328733,4.157572,0.03,0.01
NO,5077.282618,4.163036,0.03125,0.018851
NO,4728.777498,4.170355,0.035,0.014142
YES,5734.778752,4.12312,0.028889,0.003333
NO,5417.760498,4.192227,0.033333,0.01118
NO,6369.190087,3.998642,0.031667,0.007528
NO,5825.154293,4.211093,0.032857,0.012536
YES,7189.552516,4.044036,0.032857,0.017043
NO,6373.177684,4.401019,0.035714,0.012724
YES,7285.937171,4.176496,0.028333,0.009832
NO,6444.552005,4.347662,0.036,0.008944
YES,6580.532198,4.196129,0.045,0.005774
NO,7229.527105,4.175714,0.034286,0.009759
NO,6521.453313,4.059013,0.038,0.019235
NO,6422.929997,3.983205,0.036667,0.008165
NO,7429.237072,3.978568,0.03375,0.014079
NO,6707.402191,4.033318,0.036,0.005477
NO,6308.658083,4.072729,0.035,0.007559
NO,6970.445738,4.096212,0.032857,0.017995
NO,7800.875451,4.046788,0.036,0.016733
NO,4053.949364,4.525029,0.045,0.020817
YES,3793.34306,4.46274,0.04,0.014142
NO,3714.752574,4.612114,0.045,0.021213
NO,2798.70603,4.204017,0.06,0.026458
YES,4055.558195,4.40254,0.033333,0.011547
YES,3605.622521,4.34219,0.026667,0.005774
YES,3969.731698,4.396332,0.07,0.026458
NO,2721.368308,4.233128,0.0625,0.025
YES,4246.467929,4.481482,0.02,0
YES,4089.029375,4.521657,0.035,0.01
YES,4889.680926,4.505887,0.025,0.007071
NO,2637.633827,4.412123,0.0325,0.017078
NO,4045.381258,4.532133,0.036667,0.015275
YES,3158.227235,4.621618,0.03,0.012247
YES,5997.180549,4.883697,0.04,0.02
YES,5374.803725,3.894575,0.03,0.01
YES,5752.58261,4.01623,0.035,0.007071
YES,7006.672301,4.079446,0.046667,0.011547
YES,6619.818069,4.196964,0.038,0.008367
YES,6399.284148,4.1374,0.0575,0.009574
NO,5633.058968,4.137364,0.041429,0.006901
YES,5753.226997,4.091175,0.035714,0.017182
NO,5475.602601,4.116814,0.035,0.009258
YES,6079.279393,4.136474,0.036667,0.010328
YES,7038.154359,4.1594,0.036667,0.015275
NO,5255.162595,3.963855,0.042857,0.009512
NO,6228.583267,4.084796,0.04,0.012247
YES,5581.403169,4.087422,0.033333,0.015055
NO,7192.137522,3.959793,0.025,0.012247
NO,7831.084834,3.953488,0.036,0.011402
NO,4528.24177,4.118373,0.06,0
NO,4108.553683,4.128862,0.02,0.014142
NO,3790.478146,4.108792,0.02625,0.005175
NO,3778.087268,4.094234,0.04,0.012247
YES,3952.421138,4.187696,0.025,0.021213
NO,5131.506933,4.454651,0.035,0.005774
NO,6870.187075,3.897162,0.036667,0.005774
NO,6493.171447,3.928058,0.021667,0.009832
YES,6207.647403,4.135496,0.05,0.01
YES,6029.298391,4.060523,0.0275,0.007071
NO,5767.257356,4.07509,0.034,0.016733
NO,6288.362129,4.214334,0.03,0.014142
NO,6029.817902,3.951469,0.04,0
NO,11481.79978,3.981982,0.03,0.014142
NO,6262.322892,4.170177,0.04,0
NO,6904.661085,4.17238,0.025,0.017321
NO,5949.952647,4.294309,0.04,0.008165
NO,6196.679617,4.33515,0.0325,0.017078
NO,6663.996432,4.332258,0.045,0.005774
YES,7058.089163,4.31402,0.0375,0.009574
NO,6744.96555,4.312583,0.032,0.013038
NO,6508.789881,4.340638,0.042,0.008367
NO,6501.500083,4.203458,0.032,0.013038
NO,6701.719627,4.192956,0.0425,0.009574
NO,6547.756492,4.178524,0.036,0.015166
NO,6347.25045,4.288199,0.035,0.017321
NO,6587.50815,4.258995,0.0375,0.005
YES,6834.825817,4.267008,0.036667,0.005774
NO,6629.69495,4.099927,0.031667,0.013292
NO,3378.661764,4.052795,0.028,0.004472
NO,3843.915655,4.005889,0.035,0.005477
NO,3418.92641,4.027106,0.036667,0.020817
NO,3561.65122,3.995003,0.0425,0.009574
NO,3660.70624,4.060779,0.0375,0.017078
NO,4176.400426,3.991145,0.036667,0.008165
NO,3620.471332,4.025777,0.031667,0.007528
NO,4002.812019,4.022563,0.03,0.011547
NO,3860.586621,4.011043,0.031667,0.007528
NO,3544.782958,4.015227,0.045,0.007071
NO,3381.740745,4.07683,0.045,0.007071
NO,3534.846463,4.023377,0.026667,0.012111
NO,5208.994577,4.063295,0.046667,0.015275
NO,5848.095011,4.04246,0.034,0.011402
NO,5410.218691,4.39179,0.03125,0.006409
NO,6490.479751,3.915993,0.036667,0.008165
NO,5190.699847,4.074052,0.03125,0.008345
YES,5270.040261,4.24098,0.03,0.014142
NO,6431.149713,4.131602,0.037143,0.013801
NO,5480.840115,4.000678,0.02625,0.009161
NO,5286.35768,4.071862,0.03625,0.013025
NO,6063.826159,4.006447,0.038333,0.01472
NO,6348.075815,4.202128,0.033333,0.010328
YES,6001.54984,3.830037,0.031429,0.006901
NO,5205.793132,3.886295,0.035556,0.007265
NO,5262.597739,4.276975,0.035,0.013784
NO,6109.705351,4.229423,0.031429,0.008997
NO,6539.288331,3.961741,0.035,0.015166
NO,6004.423659,4.113045,0.0425,0.012817
NO,6440.024319,4.114136,0.032857,0.009512
NO,5838.757685,4.228588,0.035,0.010488
NO,6196.76627,3.99785,0.031111,0.00928
NO,6232.802313,4.146063,0.03,0.015635
NO,5683.079529,4.131403,0.037143,0.011127
NO,5923.575687,4.018101,0.0275,0.012817
YES,6704.66375,4.179988,0.034286,0.012724
NO,5961.021147,4.097862,0.03,0.013333
NO,6114.134029,4.040101,0.038571,0.01069
YES,6133.892844,4.060054,0.0275,0.013887
NO,5968.708255,4.155128,0.035714,0.016183
NO,5837.37023,4.101877,0.041667,0.007528
NO,6612.605908,4.021057,0.0375,0.010351
YES,12705.18196,3.999696,0.035,0.017321
NO,5994.320373,3.967807,0.03625,0.014079
YES,6386.21499,4.008359,0.03,0.005774
NO,6108.971778,4.020081,0.036667,0.010328
NO,6409.269261,3.97552,0.031429,0.006901
NO,5853.761186,4.100199,0.03,0.006325
YES,6601.319617,4.045042,0.0275,0.010351
NO,6201.843916,4.114201,0.03,0.008944
NO,6179.603089,4.131517,0.036,0.008944
NO,5896.892233,3.999241,0.02875,0.008345
NO,6184.05237,4.091215,0.031429,0.01215
NO,6052.59997,4.09372,0.028333,0.01472
NO,6223.427784,4.099559,0.032857,0.012536
YES,6070.331245,4.067192,0.032857,0.007559
NO,5771.322884,4.224458,0.03,0.028284
NO,6580.883143,4.008057,0.031667,0.01472
NO,4885.193813,3.99608,0.044,0.011402
NO,5543.543506,4.06697,0.05,0
NO,5615.485403,4.032152,0.046667,0.015275
NO,4981.787206,4.004634,0.04,0.018708
YES,5994.000283,4.002286,0.04625,0.014079
YES,5965.67974,4.051881,0.036,0.011402
NO,5376.304798,3.966898,0.055,0.021213
NO,5533.408077,3.972214,0.0525,0.032016
NO,5330.836027,4.040314,0.03,0.01
NO,5074.136223,4.032506,0.06,0.014142
NO,5222.083289,4.042851,0.04,0.014142
NO,5215.483062,4.030951,0.0425,0.022174
YES,5510.264845,4.078086,0.034,0.005477
NO,5705.118985,3.997672,0.035,0.007071
NO,7833.561445,4.486741,0,0
NO,5562.895302,4.410048,0.03,0
NO,6017.576591,4.205365,0.036667,0.005774
NO,4971.556444,4.13381,0,0
NO,5243.885433,4.030777,0.045,0.007071
NO,4827.738383,4.230876,0.035,0.007071
NO,5635.951876,3.863908,0.035,0.007071
NO,6305.733369,3.990123,0.036667,0.005774
NO,5178.287455,4.050088,0.032,0.013038
NO,5205.57687,4.18601,0.04,0.017321
NO,4556.878864,3.847598,0.036,0.008944
NO,5161.141402,4.41523,0.034,0.008944
NO,4509.483798,4.019623,0.0225,0.005
NO,4598.353963,4.0764,0.03,0.014142
NO,5512.707714,4.083713,0.028,0.006325
NO,30181.77341,4.001482,0.046667,0.030551
NO,7744.11332,4.056521,0.036,0.013416
NO,4783.864524,4.490454,0.03625,0.00744
NO,4639.651698,4.392655,0.03625,0.00744
NO,4737.420564,4.357147,0.032857,0.017995
NO,5304.810747,4.848746,0.0425,0.012583
NO,4378.388803,4.420178,0.036667,0.00866
NO,4896.145178,4.373326,0.04,0.014142
NO,4225.624997,4.434763,0.03125,0.014577
NO,4100.271283,4.554968,0.033333,0.005164
NO,4522.855002,4.256894,0.04,0.017889
NO,4966.133484,4.316775,0.036,0.011402
NO,31196.59971,4.016006,0.036,0.005477
NO,5700.483712,4.180611,0.03,0.01
YES,5490.447698,4.247293,0.03875,0.00991
NO,4872.099535,4.271209,0.03,0.005345
NO,5016.865356,4.474193,0.03,0.010541
NO,4611.200559,4.245843,0.038,0.011353
NO,4733.015555,4.401559,0.035,0.011785
NO,5759.934342,4.32706,0.035,0.011952
NO,5242.182995,4.41492,0.035,0.011952
NO,5767.080738,4.383401,0.0325,0.007071
NO,6642.997895,4.414105,0.031111,0.006009
NO,5485.800677,4.346314,0.032727,0.006467
NO,5061.248643,4.480214,0.037778,0.009718
NO,8068.590075,3.951813,0.0275,0.009574
NO,4124.956621,4.005142,0.038333,0.009832
YES,4433.122692,4.041753,0.05,0.016733
NO,4462.838269,4.029701,0.038889,0.015366
NO,4416.924887,4.064468,0.03625,0.011877
NO,4834.441412,4.003842,0.028571,0.008997
NO,4613.879257,3.991078,0.028182,0.015374
NO,4842.684121,4.035723,0.032857,0.012536
NO,5118.762266,4.004334,0.037,0.009487
NO,5209.122987,4.044531,0.032857,0.009512
YES,5343.344457,4.040819,0.035556,0.00527
NO,5106.270028,4.01482,0.04,0.013093
NO,8527.901759,4.056025,0.033333,0.012111
NO,4841.196905,4.10312,0.038571,0.01215
NO,5476.230189,4.050066,0.042,0.008367
YES,5568.403654,4.082506,0.033333,0.013229
NO,6262.465792,4.028482,0.04,0.014142
YES,6123.659691,4.029539,0.036667,0.008165
NO,5573.571592,4.023989,0.036,0.015166
NO,5975.195315,4.006098,0.037778,0.012019
YES,5777.851779,4.008169,0.046667,0.015055
NO,5776.75829,4.0506,0.035,0.011952
NO,6157.696037,4.053591,0.03,0.008165
YES,6147.508669,4.06036,0.03,0.008165
NO,5819.31956,3.966096,0.0325,0.013887
NO,6248.037104,4.017951,0.028333,0.01169
NO,5316.967826,3.990596,0.025,0.011952
NO,5983.504668,3.964667,0.031667,0.007528
NO,5972.024157,3.972892,0.028,0.011353
NO,5771.989303,4.047827,0.032857,0.01496
NO,5616.419334,4.016237,0.028333,0.009832
NO,5714.943395,4.04147,0.03,0.015275
NO,6308.799295,4.048422,0.03,0.014142
YES,5597.975457,4.0467,0.031,0.007379
NO,5851.706111,3.999156,0.03375,0.01598
NO,5881.104389,4.115072,0.033333,0.010328
YES,6102.874229,4.03053,0.034286,0.017182
NO,5915.633724,4.082006,0.043333,0.01633
NO,5505.912342,3.961156,0.0475,0.015
NO,4893.64294,4.189577,0.055,0.013784
NO,5260.250708,4.028952,0.04,0.01291
NO,5549.006095,4.135181,0.04125,0.013562
YES,5952.180547,4.039671,0.04,0.02
NO,6189.168966,4.136742,0.034,0.005477
NO,6512.272779,4.182202,0.032,0.013038
NO,6919.997448,4.22651,0.031667,0.01169
NO,6356.634662,4.035488,0.034,0.011402
NO,7264.828455,4.232526,0.04,0.020976
YES,5268.426564,4.214137,0.05,0
NO,5648.449244,4.065779,0.043333,0.023381
NO,5862.059865,4.077104,0.036667,0.020817
NO,10703.24078,4.102781,0.035,0.017321
NO,4336.054633,4.094994,0.058,0.013038
NO,4501.272297,4.003945,0.05,0.028284
NO,5088.815117,4.008953,0.025,0.005774
NO,4145.398021,3.98023,0.035,0.007071
NO,4228.718987,4.037893,0.0475,0.022174
YES,4948.740754,4.105014,0.04,0.017321
NO,4601.366473,3.947745,0.03,0.008944
NO,4620.430225,4.063054,0.048,0.023875
NO,4793.744136,3.95788,0.028571,0.014639
YES,4578.257966,4.084371,0.031111,0.01453
NO,4335.448344,4.022673,0.032857,0.012536
NO,4057.484516,3.947829,0.025,0.021213
YES,3983.957537,4.010542,0.034,0.005477
NO,4624.273102,4.037559,0.032,0.004472
NO,4513.159873,3.984061,0.028333,0.01169
NO,6067.991246,4.001108,0.036667,0.010328
NO,4585.313539,4.003211,0.046,0.019494
NO,5411.585704,4.039192,0.034286,0.009759
NO,5631.274605,4.015486,0.043333,0.013663
NO,5269.536992,4.028239,0.036667,0.020817
NO,5568.999398,4.085572,0.03,0.010954
NO,5257.977001,4.049568,0.03,0.008165
NO,5423.932572,4.003317,0.055,0.023805
YES,5070.036665,4.015246,0.053333,0.032146
NO,4933.841097,4.022861,0.05,0.028284
NO,5562.318424,4.053296,0.033333,0.005774
NO,4891.115515,3.973527,0.032,0.010954
NO,4801.126277,4.038586,0.043333,0.018619
NO,5115.191044,3.977021,0.0375,0.01165
NO,5290.823335,4.017742,0.03,0.01
NO,4837.010554,3.943674,0.036,0.016733
NO,4961.144943,4.261509,0.032222,0.016415
NO,5429.340863,4.219851,0.0325,0.01165
NO,4646.329748,4.091983,0.03375,0.005175
NO,5126.456958,4.195077,0.028333,0.009832
NO,4551.490033,4.221314,0.03625,0.01685
NO,5493.905837,4.321992,0.04,0.015492
NO,4953.522668,4.103063,0.035714,0.009759
YES,5551.555251,4.339294,0.033333,0.013663
NO,5133.791154,4.016741,0.03875,0.003536
YES,4455.030825,4.120049,0.044286,0.019024
YES,5718.844701,4.386928,0.0275,0.004629
NO,5815.113481,4.188582,0.031429,0.013452
NO,5527.97437,4.150346,0.031429,0.00378
NO,5689.171068,4.017795,0.026667,0.01118
NO,6914.0481,4.211866,0.025,0.005774
NO,7460.97386,3.842701,0.028,0.013038
YES,4561.566767,4.069851,0.03375,0.011877
YES,4751.768521,4.153463,0.04,0.012247
NO,4553.828877,4.173672,0.036,0.005477
YES,4329.563587,4.235713,0.035,0.020736
YES,4786.018393,4.238665,0.0375,0.012583
NO,5241.908614,4.173935,0.0375,0.005
YES,5919.011342,4.023193,0.026,0.005477
NO,4207.640726,4.117676,0.03125,0.006409
NO,4893.278505,4.035886,0.038571,0.015736
YES,5525.939392,4.081466,0.035,0.026458
NO,5228.64593,4.043945,0.056,0.031305
YES,5691.630708,4.06728,0.05,0.014142
NO,4947.42556,4.214916,0.04,0.017321
NO,4129.308997,4.115384,0.04,0.01
NO,4409.87846,4.0503,0.026,0.011402
YES,5477.454292,3.99468,0.048,0.017889
NO,5682.414446,3.970496,0.035,0.01291
NO,5663.678438,4.040768,0.031667,0.019408
NO,5454.23467,4.000641,0.0425,0.009574
NO,6231.055523,4.029051,0.03375,0.01685
NO,5778.41917,4.005045,0.032,0.010954
NO,5710.790523,3.978769,0.036,0.011402
NO,5294.299326,4.030125,0.028333,0.01169
NO,5289.021605,4.008753,0.0575,0.012583
NO,6306.015073,4.007341,0.0325,0.012583
NO,5969.671059,3.990273,0.04,0.01
NO,5752.318776,4.035356,0.033333,0.025166
NO,5590.696838,4.011779,0.048333,0.020412
NO,4474.00623,4.046385,0.033333,0.012111
NO,6084.032823,3.99297,0.026,0.015166
YES,5674.561416,3.99203,0.04,0.016733
NO,5539.795531,4.030628,0.05,0.007071
NO,5555.593542,3.978272,0.0375,0.009574
NO,5530.155613,4.00257,0.04,0.007071
NO,5535.231421,3.982814,0.038571,0.014639
NO,5315.50121,4.038548,0.03,0.014142
YES,5625.83907,3.96799,0.048333,0.009832
NO,5701.317949,4.09808,0.036667,0.005774
NO,6857.655069,4.027212,0.0275,0.01165
NO,5274.08634,4.02494,0.062,0.033466
NO,5890.199747,4.026856,0.064,0.015166
NO,6009.753523,4.031929,0.0525,0.012583
NO,5772.995039,3.994121,0.042,0.013038
NO,8184.906681,4.444563,0.04,0
YES,6766.613765,4.359911,0.0375,0.009574
YES,5846.398082,4.027624,0.03125,0.01126
YES,6674.471246,4.11609,0.04,0.008944
YES,6090.653607,4.050491,0.032,0.007888
NO,7041.877667,4.112082,0.048,0.013038
NO,5397.879159,4.054006,0.031429,0.008997
NO,6352.379994,4.110701,0.038333,0.009832
YES,5934.746821,4.049094,0.036667,0.010328
NO,6353.490676,4.098914,0.036,0.008433
NO,5928.438952,4.044617,0.034444,0.008819
YES,6836.200309,4.053226,0.033333,0.015811
NO,6158.223181,4.034181,0.0375,0.010351
YES,6466.204944,3.99329,0.035714,0.015119
NO,5442.992137,4.05786,0.034444,0.011304
NO,6010.096728,4.053235,0.032,0.013038
YES,7349.934736,4.381357,0.035,0.01069
YES,5306.978405,4.082006,0.04,0.008165
NO,5163.354736,3.991698,0.03,0.008944
NO,5000.697456,4.016317,0.027143,0.007559
NO,4869.09583,4.163053,0.0375,0.012817
NO,5183.113691,4.057146,0.033636,0.00809
NO,5528.729469,4.058073,0.03,0.007071
NO,5701.237481,4.049634,0.026154,0.006504
NO,5397.468356,4.069155,0.02875,0.006409
YES,5625.301667,4.186076,0.038,0.013038
YES,5732.791425,4.103969,0.03,0.007559
NO,4997.142604,4.03326,0.031429,0.017728
NO,5552.032451,3.955211,0.03125,0.01126
NO,5613.19489,4.018523,0.036667,0.015055
NO,5497.737495,4.041256,0.036667,0.012111
YES,9308.266558,4.804022,0.055,0.020817
NO,4266.667994,4.018364,0.036,0.011402
NO,4852.207066,4.063591,0.053333,0.015275
NO,5652.322651,3.836712,0.036667,0.012111
YES,5447.584664,4.02648,0.0275,0.004629
YES,5199.088764,4.005547,0.032857,0.011127
NO,5166.108659,3.973692,0.02,0.008165
YES,5249.534288,4.084619,0.04,0.008165
NO,4949.7792,4.017885,0.05,0.008165
YES,5054.730161,4.033045,0.0325,0.012583
NO,4583.67005,3.904173,0.038,0.010954
NO,4515.664493,4.097398,0.035714,0.012724
NO,5168.089663,4.039214,0.04,0.008165
NO,6207.785103,3.942853,0.04,0.021602
NO,7198.257722,3.95926,0.036,0.008944
NO,6149.376788,4.012356,0.031,0.007379
NO,5581.894588,4.040922,0.03375,0.011877
NO,5985.822261,3.958846,0.036667,0.013663
NO,6495.351536,4.136598,0.03,0.008165
NO,6368.280431,4.11925,0.0325,0.015
NO,6524.917328,4.055351,0.034286,0.007868
NO,6221.663615,4.092978,0.034286,0.011339
YES,6354.700951,4.133731,0.036,0.013416
NO,6193.439871,3.989252,0.04,0.02
NO,6185.397826,4.133629,0.036667,0.005164
NO,6774.120502,4.235488,0.0325,0.012583
NO,6338.997618,3.864656,0.03375,0.009161
NO,6212.165072,4.108524,0.028571,0.013452
NO,6150.278769,4.044203,0.03,0.008944
NO,6195.246058,3.905176,0.03,0.01
NO,4810.4625,4.023222,0.03,0.008165
NO,5466.722181,3.96474,0.032222,0.008333
NO,5710.739047,4.065383,0.038333,0.01472
NO,6113.061063,4.042764,0.032,0.008367
NO,5592.136583,4.050304,0.045,0.017321
YES,6639.495155,4.100872,0.031429,0.00378
YES,6351.306987,4.129572,0.032857,0.007559
NO,5645.630736,4.07392,0.03,0.020976
NO,5703.394626,4.023263,0.032,0.008367
NO,5108.800604,4.032302,0.025,0.007071
NO,5008.239741,4.122376,0.031429,0.008997
YES,5507.779926,4.084137,0.03,0.01633
NO,5310.164262,4.046897,0.034286,0.013973
NO,5420.500492,4.094882,0.0325,0.005
YES,5528.170229,4.090048,0.021667,0.009832
YES,5922.836291,4.104955,0.031429,0.016762
NO,4486.903236,4.025966,0.034286,0.009759
NO,5080.741607,4.126146,0.03625,0.013025
NO,5364.658068,4.033011,0.0475,0.009574
NO,5941.045102,4.046608,0.033333,0.025033
NO,4893.22035,3.990091,0.042,0.013038
NO,5321.392875,4.035105,0.04125,0.012464
NO,5106.053647,4.07869,0.036667,0.005164
NO,5428.394374,4.008882,0.032857,0.01976
NO,5122.931927,4.05506,0.03625,0.013025
YES,5248.323488,4.04959,0.034,0.011402
NO,5048.611264,4.038985,0.041429,0.014639
NO,5342.784021,4.045906,0.041429,0.008997
NO,5463.18687,4.050008,0.03125,0.006409
YES,5019.936458,4.04313,0.027143,0.013801
NO,5591.232691,4.04279,0.036667,0.008165
NO,5707.196108,4.035699,0.03875,0.012464
YES,5941.88072,4.301363,0.035,0.005477
NO,5943.379132,4.595409,0.0425,0.009574
YES,8288.429076,4.319759,0.026667,0.015275
NO,7617.966488,4.391583,0.038,0.004472
NO,5422.416943,4.447713,0.04,0
NO,7163.987271,4.24437,0.033333,0.005774
NO,7048.145341,4.701331,0.0425,0.012583
YES,7978.202151,4.331723,0.03,0.014142
NO,7617.799765,4.381637,0.0375,0.009574
YES,5548.859185,4.473829,0.036667,0.005774
NO,6192.165438,4.348829,0.04,0
NO,5998.157021,4.122857,0.04,0
NO,6155.831215,4.122426,0.037,0.013375
YES,6177.232958,4.07119,0.035714,0.007868
NO,5541.670899,4.143891,0.031429,0.015736
YES,5448.797023,4.117494,0.046,0.008944
NO,5462.940609,4.189054,0.03,0.014142
YES,6219.067315,4.153978,0.03125,0.012464
NO,5820.481553,3.921172,0.028571,0.014639
YES,5544.745524,4.158147,0.025,0.012247
NO,5440.883914,4.059969,0.035,0.016432
NO,5656.264776,4.133884,0.036,0.018166
NO,5845.664769,4.246138,0.038333,0.01169
NO,5784.126324,4.097385,0.043333,0.010328
NO,8856.356123,4.156661,0.032,0.019235
NO,4688.018286,4.03828,0.0275,0.005
YES,5597.793067,4.022677,0.031429,0.006901
YES,5551.534732,4.030079,0.034286,0.007868
NO,5627.41139,3.916639,0.032857,0.009512
NO,5930.528266,4.117415,0.031429,0.01069
NO,5890.771212,3.961448,0.038,0.013038
YES,5790.011249,4.015851,0.033333,0.013229
NO,5171.379359,3.890153,0.03,0.005774
NO,5288.214618,4.077016,0.044286,0.018127
NO,5246.059696,3.882675,0.036667,0.017512
NO,4710.214177,4.09799,0.028889,0.010541
NO,4586.171805,4.016039,0.033333,0.005164
NO,5693.046235,4.100041,0.034286,0.015119
NO,4997.24188,3.957251,0.04,0.014142
NO,6019.473012,4.125005,0.034444,0.010138
NO,6684.659506,4.055467,0.034286,0.013973
NO,5175.463569,4.023307,0.04,0.008165
NO,5774.560943,3.832992,0.036667,0.011547
NO,6726.460695,4.047073,0.031667,0.013292
NO,5424.062066,3.9619,0.043333,0.015275
NO,5090.988103,4.087353,0.026667,0.015275
NO,7309.76151,3.86601,0.04,0.008165
NO,5313.987592,4.052138,0.0375,0.009574
NO,5596.801249,4.024901,0.033333,0.011547
NO,4808.19684,4.005602,0.04,0.01
NO,5873.933788,3.950842,0.0425,0.015
NO,6662.330481,3.851516,0.04,0.014142
NO,5230.339232,4.059396,0.03,0.014142
NO,5225.7255,4.170407,0.04,0.01
NO,5363.641925,4.073317,0.05,0.02
NO,9706.951336,3.921515,0.036667,0.011547
NO,7069.747478,4.095185,0.05,0.014142
NO,6805.3528,4.080351,0.04,0
NO,6353.872622,4.102971,0.045,0.019149
NO,7127.580584,4.142047,0.036667,0.005774
NO,7677.343136,4.089824,0.045,0.021213
NO,5832.294375,4.09107,0.045,0.007071
NO,5323.872579,4.192878,0.04,0.01633
NO,5098.877994,4.251721,0.045,0.01
NO,6109.700016,4.289962,0.036,0.008944
YES,4957.586394,4.183577,0.04,0.008944
NO,6491.03645,4.196119,0.04,0.008165
NO,5333.916159,4.19278,0.032,0.004472
NO,4336.255912,4.247482,0.036,0.005477
NO,4731.321809,4.095643,0.035,0.016432
NO,5716.815611,4.130546,0.034,0.013416
NO,4598.210419,4.214395,0.038,0.016432
NO,5933.879862,4.283734,0.032,0.008367
YES,4654.995014,4.330429,0.035,0.01291
NO,4784.99203,4.095969,0.034286,0.009759
NO,6451.678478,4.252688,0.0325,0.012583
NO,5764.567079,4.26356,0.028,0.008367
NO,5699.52942,4.375904,0.03,0.008165
NO,5748.124682,4.420913,0.031667,0.007528
NO,4853.165118,3.996603,0.044,0.015166
NO,6787.536611,4.010932,0.03,0.017321
NO,6504.609546,4.411965,0.06,0.014142
NO,6720.734904,4.301004,0.025,0.021213
NO,8277.706313,4.456112,0.045,0.007071
NO,7889.765659,4.188749,0.03,0.017321
YES,7184.596575,4.225123,0.045,0.007071
YES,5751.552742,4.0248,0.03,0.014142
NO,6560.839546,4.589007,0.04,0
NO,5046.416839,4.075237,0.06,0.014142
NO,7622.909667,4.578597,0.043333,0.005774
NO,5118.10774,4.156762,0.05,0.017321
NO,6253.995454,4.245088,0.033333,0.011547
NO,6117.13852,4.168516,0.05,0
NO,5593.878833,4.045035,0.031,0.009944
YES,5080.803519,4.130948,0.031429,0.006901
NO,5523.632901,4.05557,0.036,0.021187
NO,5864.371064,4.169867,0.032857,0.009512
YES,6415.264828,4.220166,0.028,0.008367
NO,5297.005306,4.129393,0.04,0.014142
NO,5215.875017,4.116661,0.036,0.013416
NO,5193.781206,4.133241,0.034286,0.019024
NO,4593.985696,4.2049,0.027,0.013375
NO,5063.027597,4.023916,0.028,0.008367
NO,5295.696585,4.243346,0.03,0.01
NO,5675.684155,4.095936,0.037143,0.01976
NO,5302.129638,4.165999,0.037143,0.013801
YES,6381.016183,4.118269,0.04,0.011547
NO,5478.589789,4.123755,0.03625,0.015059
NO,7378.329964,4.198285,0.034,0.008944
NO,4953.251031,4.0362,0.034444,0.00527
NO,5543.59663,3.989715,0.028333,0.016021
NO,5315.339443,4.062858,0.032857,0.01496
NO,5505.48579,3.993664,0.04,0.012649
NO,5739.906883,4.055216,0.03,0.011952
NO,6025.204765,3.988138,0.03125,0.014577
YES,5754.207765,4.080904,0.028,0.004472
NO,5861.312442,3.996511,0.035,0.013093
NO,5219.041737,4.051109,0.035,0.015119
NO,5632.230918,4.026818,0.035714,0.019881
YES,5644.795977,4.046342,0.035,0.016903
NO,5362.703469,4.039513,0.03,0.014142
NO,3385.009392,4.090494,0.034286,0.011339
NO,5671.442748,3.968061,0.03,0.01118
NO,5821.144842,3.988266,0.032,0.008367
NO,6037.713751,3.999264,0.035,0.013784
NO,6105.932234,4.028362,0.036667,0.012111
NO,4830.800192,3.973904,0.032,0.013038
NO,5320.366951,4.030821,0.025,0.009258
NO,5705.062386,4.024284,0.03,0.011547
NO,5330.891625,4.039515,0.0375,0.034034
NO,6027.210393,4.024658,0.032,0.004472
NO,5091.027603,4.077446,0.0425,0.009574
NO,4972.378909,4.018275,0.034286,0.012724
NO,5601.858623,3.964322,0.036667,0.008165
NO,5242.803185,4.017053,0.02375,0.00744
NO,8186.668121,3.980151,0.02,0.007071
NO,5659.856862,4.058274,0.03875,0.014577
NO,5624.728702,4.141973,0.037143,0.011127
NO,5618.947221,4.149075,0.032222,0.006667
YES,5842.557481,4.11726,0.03875,0.00991
NO,5666.35642,4.104819,0.04,0.014142
NO,5606.534348,4.116905,0.033333,0.005164
NO,5146.962988,4.165041,0.032857,0.007559
NO,5799.614457,4.187656,0.025,0.005477
NO,5552.76488,4.002089,0.035,0.012247
YES,5933.93509,4.116909,0.032222,0.006667
YES,5305.20159,4.069453,0.032857,0.011127
NO,5446.257797,4.115432,0.033333,0.005164
NO,5036.842199,4.148014,0.036,0.013416
NO,6790.307639,4.067717,0.03,0.008944
NO,5007.552866,3.975489,0.032857,0.018898
NO,5732.126265,4.167509,0.03,0.007071
NO,6015.276251,3.96861,0.042,0.013038
NO,6009.131105,4.263561,0.04,0.007071
YES,4905.190059,3.962139,0.02625,0.005175
YES,5549.113568,4.295269,0.032222,0.006667
NO,5766.824877,3.811781,0.03125,0.003536
NO,5918.401704,4.128434,0.031429,0.006901
NO,4935.710542,4.134802,0.0425,0.015
NO,5388.39763,4.090891,0.038,0.019235
YES,5430.503738,4.189887,0.036,0.008944
YES,5084.053638,3.848612,0.038571,0.018645
NO,5497.135191,4.110348,0.03,0.007559
YES,5962.022164,4.083291,0.027143,0.011127
NO,4586.621994,3.96107,0.038,0.013038
NO,5355.782132,4.058668,0.0375,0.017078
NO,5446.143615,4.029445,0.036,0.019494
NO,5360.408734,4.054023,0.026667,0.005164
NO,5427.32687,4.031029,0.033333,0.007071
YES,5765.720126,4.011314,0.03375,0.009161
NO,5423.767101,4.030581,0.035,0.016432
NO,5336.72769,4.025821,0.0425,0.009574
NO,6035.833513,4.005575,0.034,0.011402
NO,5905.405957,4.003808,0.0375,0.009574
NO,5950.074244,4.093278,0.032857,0.01496
NO,5973.579999,4.012349,0.044,0.008944
NO,3164.152668,3.995991,0.033,0.00483
NO,3774.812472,4.015436,0.027778,0.006667
NO,3907.514427,4.016818,0.035,0.005477
NO,3280.26771,4.12283,0.035,0.01291
YES,3707.292203,4.051706,0.030909,0.009439
NO,3795.44973,4.063241,0.03125,0.00991
NO,3833.566452,4.11254,0.03625,0.011877
YES,4208.291249,4.107722,0.025556,0.00527
NO,3477.311351,4.122264,0.037,0.009487
NO,3320.501148,4.096597,0.036,0.005164
NO,3794.452371,4.051447,0.03,0.008165
NO,3784.37099,4.124811,0.03,0
NO,3653.920887,4.069942,0.032,0.013038
YES,3819.809238,4.095358,0.032727,0.007862
NO,3795.632864,4.083872,0.03,0.014142
NO,5334.621291,4.269857,0.03,0
NO,5611.10337,4.484975,0.03,0
YES,4107.61204,4.231973,0.035,0.021213
NO,3838.285451,4.496437,0.04,0.017321
YES,4772.351454,4.197329,0.03,0
NO,4215.907783,4.487184,0.03,0
NO,5273.327857,4.325815,0.04,0.01
YES,4015.478447,4.404448,0.03,0
NO,4865.598132,4.318887,0.026667,0.005774
NO,4422.570603,4.268693,0.03,0
NO,4229.185458,4.382404,0.036667,0.011547
YES,3460.57906,4.269365,0.03,0
NO,5085.39916,4.355436,0.03,0
YES,4914.585046,4.267657,0.03,0
NO,5058.562286,4.266547,0.036667,0.005774
NO,4404.437859,4.064174,0.03,0.009428
NO,5771.008611,3.999001,0.027273,0.007862
NO,5032.440095,4.02858,0.026667,0.010328
NO,5530.765496,3.998384,0.032222,0.008333
NO,5986.939377,3.958121,0.033333,0.01118
NO,5685.005682,4.038439,0.048333,0.018348
NO,5647.882546,4.020788,0.03,0.018974
NO,5892.382095,4.001438,0.035,0.017321
NO,5810.415301,4.039135,0.0425,0.012583
NO,4820.555294,4.016828,0.028333,0.01169
YES,5731.185317,4.018524,0.025,0.005477
NO,5189.446593,3.96396,0.025,0.008367
NO,5179.537977,4.045473,0.023333,0.011547
NO,4415.628315,4.000403,0.032222,0.008333
NO,4841.251446,4.098325,0.032,0.013166
NO,6424.042968,3.911018,0.03375,0.011877
NO,5342.737001,4.050572,0.027143,0.007559
YES,5556.328315,4.123195,0.032857,0.00488
NO,7055.79345,4.124369,0.0225,0.008864
YES,5667.187589,4.011653,0.03,0.01069
NO,5508.005684,4.054553,0.035,0.016432
NO,6179.015703,3.987894,0.028889,0.00928
NO,5847.440621,4.021659,0.04375,0.011877
NO,6424.711748,4.032383,0.037143,0.011127
NO,5329.390165,4.04051,0.04,0.012247
NO,5945.003875,4.082349,0.043333,0.015275
YES,6329.946535,4.072796,0.033333,0.013663
YES,6142.882827,4.126358,0.027143,0.007559
NO,5668.748058,3.966926,0.028,0.021679
NO,5774.36298,4.041352,0.041429,0.015736
NO,5979.100604,4.000508,0.034444,0.01236
NO,5627.705084,3.989321,0.035714,0.007868
NO,6150.888301,4.038304,0.041667,0.019408
NO,5664.801064,4.104941,0.028333,0.017224
NO,5985.161982,4.040991,0.026,0.01075
NO,5618.829961,4.04122,0.038,0.021679
NO,4966.924505,4.085603,0.034286,0.015119
NO,5739.340929,4.115532,0.033333,0.005164
NO,6157.576112,4.099592,0.0375,0.010351
NO,8223.140381,4.027226,0.0275,0.012583
NO,4855.542316,4.203685,0.030909,0.013003
NO,6545.549928,4.139663,0.04,0.008165
NO,5454.506965,4.005304,0.041667,0.01472
NO,6357.240553,4.218743,0.045,0.010488
YES,6559.093848,4.139989,0.03,0
NO,6009.014366,4.110482,0.038333,0.017224
NO,6961.619224,4.047665,0.031,0.007379
NO,7000.018216,4.340445,0.026667,0.012111
NO,6641.767593,3.941715,0.0375,0.013887
YES,7025.232444,4.122043,0.033333,0.008165
NO,6184.264264,4.139672,0.03,0.012649
NO,6709.15472,4.170789,0.03875,0.014577
NO,6120.724636,4.02104,0.032857,0.022147
NO,6528.643803,4.151733,0.047143,0.009512
NO,4444.15123,4.028562,0.0325,0.005
NO,5088.523704,4.003494,0.044,0.018166
NO,4633.089399,4.011102,0.05,0.017321
NO,4525.419825,3.955703,0.038,0.010954
YES,5068.214565,3.990286,0.0425,0.009574
NO,5971.323637,3.994748,0.03,0.011547
NO,5319.637206,3.952909,0.028,0.004472
NO,4942.863833,3.985348,0.046,0.008944
NO,5320.106639,4.050564,0.036,0.013416
YES,4945.723739,4.028624,0.0325,0.005
NO,4575.405733,3.970147,0.043333,0.015275
NO,4601.717954,4.036775,0.036667,0.015275
NO,5430.00552,4.021703,0.03,0.016733
YES,5837.139672,4.07622,0.034,0.008944
NO,6113.607012,3.975967,0.023333,0.005164
NO,5556.194464,4.218918,0.028571,0.006901
NO,5562.408166,3.929558,0.031667,0.01169
NO,5548.510975,4.019656,0.0225,0.009574
NO,5424.573825,4.148381,0.036,0.019494
NO,5339.485757,3.96915,0.035,0.012247
NO,5045.918334,4.097542,0.046667,0.023094
NO,5883.958451,4.189613,0.048333,0.013292
NO,5440.835896,4.039357,0.04,0.01633
NO,5327.777223,4.039334,0.04,0.018257
NO,5631.184942,4.128448,0.036,0.008944
NO,5283.972636,4.052184,0.03,0.010954
NO,5074.564069,3.955519,0.038571,0.015736
NO,5752.472564,3.97068,0.03,0.008165
NO,5981.988947,3.934374,0.0375,0.018323
YES,5895.937582,4.025962,0.041429,0.014639
NO,5462.689463,4.024089,0.031429,0.008997
YES,5757.423429,3.97416,0.036364,0.01206
NO,5628.967433,3.980244,0.034444,0.011304
NO,6343.774603,4.046659,0.033333,0.015275
NO,6238.44402,3.963085,0.032857,0.012536
NO,6837.112479,3.968844,0.035,0.007559
NO,7412.159281,4.028777,0.03,0.009258
YES,5668.051465,4.081722,0.03,0.009258
NO,5579.030909,4.038127,0.033333,0.005
NO,5999.597562,3.895041,0.028889,0.010541
NO,4034.593752,4.008234,0.03375,0.00744
NO,3173.840829,4.090871,0.034444,0.011304
NO,4672.580052,4.072654,0.027,0.006749
YES,30088.04747,3.941047,0.046667,0.005774
NO,6102.167683,4.277914,0.04,0
NO,4949.959238,4.224519,0.0325,0.005
NO,4431.202592,4.026898,0.036,0.008944
NO,4762.579133,4.167059,0.036667,0.005774
NO,5427.001647,3.99804,0,0
NO,4475.736002,3.982244,0.056,0.037148
NO,6114.037939,4.176216,0.0425,0.0263
NO,4916.367596,4.14348,0.036,0.005477
NO,5156.042513,4.055837,0.0425,0.005
NO,4786.676649,4.079882,0.03,0.018974
NO,4804.867806,3.921133,0.04,0
NO,4815.994382,4.038894,0.0275,0.005
NO,4878.018144,4.053396,0.043333,0.017512
NO,4550.061819,4.01198,0.04,0.012649
YES,5378.852591,4.441273,0.04,0.018257
NO,5720.641597,4.063154,0.055,0.017321
NO,6491.510409,4.060289,0.035714,0.009759
NO,5722.813843,4.08618,0.04,0.011547
NO,6296.096676,3.969897,0.036667,0.015275
NO,5909.890994,3.986171,0.026,0.008944
YES,5635.063862,4.048636,0.035,0.007071
NO,5707.149827,4.00334,0.0575,0.025
NO,6258.28663,4.005557,0.0425,0.017078
NO,5723.950878,3.999487,0.042,0.017889
YES,5969.031857,4.035152,0.036667,0.01633
NO,6178.840389,3.993626,0.05,0.008165
NO,5959.595278,4.03008,0.0325,0.015
NO,5829.465225,4.078329,0.036667,0.008165
NO,5743.623304,4.054764,0.04,0.008165
NO,6351.38074,3.940898,0.033333,0.010328
NO,6050.988468,4.016116,0.028,0.008367
NO,11626.1486,3.926371,0.043333,0.015275
NO,4625.630775,3.989152,0.036,0.008944
NO,5360.609549,4.166388,0.02625,0.009161
NO,5251.924725,4.18172,0.031429,0.015736
NO,5715.434229,3.901166,0.035,0.013784
NO,5721.013426,3.995525,0.032857,0.007559
YES,6596.954769,4.117383,0.028,0.007888
NO,5996.641946,4.124539,0.031667,0.007528
YES,6114.317146,3.957028,0.035,0.011952
NO,5416.293823,4.079918,0.032857,0.007559
NO,6207.883144,4.285419,0.02875,0.008345
NO,6138.167422,4.295295,0.031429,0.006901
NO,5209.653694,4.185483,0.04,0.012649
YES,5057.713961,3.909046,0.0325,0.01165
NO,5615.643319,3.876101,0.0325,0.007071
NO,4822.861955,4.098857,0.03375,0.00744
NO,6020.993052,4.251789,0.04,0.01633
NO,5214.361072,3.997118,0.035556,0.011304
NO,5160.503767,4.119619,0.034286,0.007868
YES,6021.694624,3.974096,0.026667,0.010328
NO,5009.622928,4.16619,0.036,0.011402
NO,5675.279435,4.014948,0.038889,0.016159
NO,5446.572648,4.117178,0.042,0.008367
NO,5472.971337,4.059758,0.033333,0.010328
NO,5542.120492,4.114892,0.031429,0.013452
NO,5250.234285,4.009463,0.03125,0.01126
YES,5228.126907,4.10712,0.031429,0.01069
NO,5124.726928,4.146388,0.04,0.01
NO,5354.065325,4.079061,0.03,0.01118
NO,5313.618937,4.253968,0.042857,0.013801
NO,6142.757275,4.116026,0.028571,0.006901
YES,5373.595526,4.114438,0.033333,0.01118
YES,6877.088464,4.064666,0.035,0.005774
NO,5156.87655,4.198721,0.035,0.005774
NO,7814.547794,4.017963,0.036667,0.008165
NO,5709.925524,4.204497,0.036667,0.024221
YES,6357.505935,3.91788,0.038,0.023875
NO,4997.162041,4.072873,0.03,0.017321
YES,6900.760523,3.999979,0.041667,0.01169
NO,5388.24381,4.173895,0.033333,0.008165
NO,5768.80819,4.013282,0.037143,0.007559
NO,6299.520454,4.065621,0.03,0.018257
NO,5917.530786,4.18162,0.0325,0.005
YES,5909.965214,4.165653,0.035,0.012247
YES,6233.301405,4.13201,0.04,0.008165
NO,5991.43873,4.041355,0.036,0.011402
NO,4613.815682,4.144974,0.046667,0.011547
NO,4978.482941,4.056285,0.043333,0.011547
NO,4888.159302,3.996353,0.035,0.005774
NO,5047.331998,4.183419,0.05,0.011547
NO,4848.35174,4.103019,0.04,0
NO,4981.16602,4.009155,0.043333,0.020817
NO,5076.609483,4.058701,0.035,0.008367
NO,5410.702045,4.140734,0.0425,0.005
NO,4616.189622,3.983153,0.04,0.024495
NO,4693.863023,4.115998,0.04,0.012649
NO,5137.353181,4.134252,0.036,0.005477
NO,4610.621389,4.158474,0.0475,0.009574
NO,30263.37529,3.91412,0.036667,0.005774
NO,6307.614059,4.156301,0.03,0
NO,5582.810658,4.219832,0.05,0.01
NO,3639.854977,4.118564,0.04,0
YES,5280.938398,4.581994,0.03,0
NO,4446.047779,4.08357,0.03,0
NO,4880.849173,4.350955,0.031429,0.00378
NO,6701.921649,4.074604,0.035,0.007071
NO,6267.336495,4.145018,0.028,0.008367
NO,5178.971244,4.090896,0.03,0.013229
NO,5441.586481,4.193209,0.03,0
NO,5350.541353,4.126782,0.035,0.007071
NO,4523.424613,4.343588,0.026667,0.005774
NO,6715.522461,4.333354,0.033333,0.005774
NO,4375.926189,4.124172,0.05,0.021602
YES,5464.629297,4.04138,0.04,0.014142
NO,6543.323262,4.057199,0.035,0.01291
NO,5303.364572,4.116496,0.042,0.004472
NO,5904.057425,4.015043,0.026667,0.011547
YES,5913.129485,4.01305,0.044,0.015166
NO,5344.688558,4.057528,0.038,0.014832
NO,5440.351879,4.074267,0.042857,0.017995
NO,5216.662382,4.049478,0.04,0.012247
YES,4951.307922,4.060165,0.044,0.011402
YES,5083.096896,4.024793,0.046,0.011402
NO,5215.538074,4.002791,0.031429,0.006901
NO,7730.982412,4.151462,0.045,0.017321
NO,29442.18872,3.89471,0,0
NO,4877.160071,3.999731,0.03,0.008165
YES,5105.737781,4.045868,0.041667,0.007528
NO,4678.488599,3.98649,0.032857,0.009512
YES,5174.164384,4.029282,0.033333,0.010328
NO,4816.682031,4.041596,0.03,0.005774
NO,4837.936502,3.996992,0.0275,0.010351
NO,4827.928437,4.024277,0.03,0.007559
NO,4953.704879,3.994908,0.03,0.00866
NO,4949.860332,4.002951,0.036667,0.012111
NO,5069.892481,4.045285,0.03,0.009258
NO,4778.836872,4.016698,0.028333,0.01169
NO,4279.004759,4.158789,0.0475,0.005
NO,4094.908807,4.137815,0.04,0.01
NO,3940.798688,4.267265,0.043333,0.011547
YES,4766.346079,4.257437,0.05,0
NO,5563.042798,4.212482,0.04,0.017321
YES,5588.832121,4.049313,0.05,0.01
NO,4930.036752,4.374507,0.046667,0.005774
NO,4733.637662,4.223561,0.04,0
YES,5183.032237,4.402562,0.043333,0.005774
NO,4306.127565,4.150032,0.045,0.01291
YES,3896.069427,4.173859,0.043333,0.011547
YES,4061.048841,4.448148,0.046667,0.005774
NO,4326.277659,3.981768,0.04,0.02
NO,4951.316697,4.011767,0.03,0
NO,4626.88683,4.021694,0.05,0.01
NO,5114.242124,4.025578,0.0275,0.005
NO,4910.957688,4.087503,0.0225,0.009574
YES,5357.475019,4.007973,0.027778,0.009718
NO,4853.14023,4.023371,0.032,0.026833
YES,5330.039328,3.980702,0.0225,0.005
NO,4670.912136,4.039938,0.026667,0.011547
YES,5092.50983,4.010816,0.036667,0.005774
NO,5074.493685,4.076438,0.046667,0.037859
NO,4986.115712,4.004039,0.0275,0.005
NO,5337.896122,4.031166,0.035,0.007071
YES,5065.867288,4.007529,0.0175,0.005
NO,5263.141277,3.964047,0.04,0.012247
NO,7516.245714,3.969541,0.04,0
NO,7020.915752,4.214679,0.033333,0.023094
NO,5528.355093,4.309827,0.026667,0.005774
NO,6791.49167,4.697081,0.033333,0.025166
YES,10433.05044,4.242051,0.0325,0.005
YES,9611.434717,4.161835,0.023333,0.005774
YES,7099.353182,4.066099,0.032,0.008367
NO,5991.003689,4.043625,0.03,0.014142
NO,6275.715317,4.338952,0.033333,0.023094
YES,7635.760453,3.978279,0.033333,0.005774
YES,7780.345725,4.08678,0.025,0.01291
YES,7033.471401,4.067609,0.032,0.008367
NO,5984.063238,4.054302,0.035,0.017321
NO,6750.010827,4.144724,0.03,0.014142
NO,9280.311071,3.97383,0.025,0.007071
NO,30736.50562,3.897814,0.05,0.014142
NO,5621.107253,4.158645,0.04,0
YES,6058.764349,4.112456,0.058,0.027749
NO,5580.269702,4.112854,0.041667,0.007528
NO,5287.198532,4.068502,0.0375,0.005
YES,5577.445386,3.974626,0.0425,0.012583
NO,5131.501472,4.069891,0.038,0.008367
NO,4715.031496,4.216801,0.03,0.008165
NO,6055.203825,4.179149,0.036667,0.010328
YES,5301.550743,4.107379,0.041667,0.01472
NO,5023.85697,4.135739,0.038,0.014832
NO,5714.115752,4.141682,0.04,0
YES,6017.145027,4.255453,0.0425,0.009574
NO,5560.294016,4.047044,0.04,0.007071
NO,5994.467976,4.078656,0.035,0.005774
YES,6162.358495,4.142339,0.036,0.011402
NO,30566.38024,3.890224,0,0
NO,4813.88782,3.998076,0.03375,0.005175
NO,4877.595591,4.022499,0.031,0.005676
NO,4802.950148,4.048501,0.03,0.005774
NO,4725.797884,4.136473,0.032727,0.004671
NO,4863.244589,4.08722,0.0325,0.007071
NO,5287.358656,4.017927,0.02875,0.01126
NO,5119.393111,4.066288,0.03,0.017321
NO,5068.619982,3.995264,0.028333,0.009832
YES,5271.076393,4.10253,0.036,0.020736
NO,5018.457438,4.098924,0.023333,0.005774
NO,4864.587108,4.022387,0.0275,0.004629
NO,4789.120657,4.008117,0.035,0.007071
NO,5119.245574,4.026672,0.035,0.005774
NO,5709.253668,4.03244,0.028571,0.00378
NO,5771.970019,3.927907,0.03,0.011952
NO,5983.68385,4.042836,0.035714,0.017182
YES,5803.644055,4.102938,0.038,0.004472
NO,5316.251171,4.118994,0.033333,0.010328
NO,5903.097737,4.031834,0.03,0.007071
NO,5830.577158,4.08141,0.035,0.005774
NO,5476.428323,3.981843,0.033333,0.005164
NO,5888.914552,4.074631,0.036,0.008944
NO,6075.501764,4.019317,0.038333,0.013292
NO,6487.309938,4.111248,0.038,0.008367
NO,5893.290123,4.026911,0.036667,0.008165
NO,6051.278668,4.052799,0.034,0.008944
NO,5698.442019,4.206501,0.034,0.008944
NO,6567.853511,4.11175,0.034,0.015166
NO,31606.95852,3.904091,0.03,0.006325
YES,4579.344701,4.330488,0.028889,0.011667
NO,4958.632243,4.443226,0.031111,0.016159
YES,4893.952918,4.34871,0.030909,0.005394
NO,4908.990268,4.277496,0.025,0.009258
NO,4679.391631,4.300542,0.023,0.009487
NO,3432.055319,4.366214,0.03,0.011952
NO,4356.152997,4.059246,0.0275,0.010351
YES,4486.218776,4.417092,0.027,0.006749
NO,3908.41607,4.286499,0.031429,0.006901
YES,5557.614397,4.083679,0.027778,0.010929
NO,4862.717816,4.252751,0.028,0.013984
NO,4587.281054,4.341176,0.028889,0.012693
NO,5083.201721,4.16923,0.03375,0.009161
NO,6222.846772,4.348745,0.031667,0.004082
NO,5966.758631,4.103708,0.035,0.010488
NO,6096.779047,4.074742,0.03,0.006325
NO,5681.667334,4.17112,0.04,0.012649
NO,6870.265254,4.312135,0.035,0.01069
NO,6161.386607,4.084769,0.037143,0.00488
NO,6021.690024,3.912618,0.032,0.008367
NO,6655.810157,4.09409,0.033333,0.010328
YES,6264.20842,4.133515,0.034,0.008944
NO,5372.597159,4.151711,0.03,0.01
YES,5707.180961,4.284689,0.034,0.008944
NO,6423.854922,4.107379,0.035,0.010488
NO,6045.532969,4.058076,0.034,0.008944
