spectral_mfcc_Mean_12,spectral_mfcc_Mean_13,spectral_mfcc_Std_1,spectral_mfcc_Std_2,spectral_mfcc_Std_3
0.086104,-0.021515,0.770673,0.556085,NO
-0.40411,-0.026606,0.268881,0.138238,YES
-0.483715,0.139152,0.247422,0.19677,YES
-0.055309,0.0264,0.407016,0.221909,YES
0.109116,-0.242507,0.169761,0.213729,YES
0.041524,-0.230754,0.236674,0.356777,YES
-0.005203,-0.126732,0.412882,0.203045,YES
-0.082727,-0.115622,0.162608,0.159445,YES
-0.100455,-0.130842,0.2954,0.138899,YES
-0.097285,-0.017656,0.228644,0.138953,YES
-0.124638,-0.051843,0.154279,0.137218,YES
-0.135095,0.022912,0.448981,0.158166,YES
-0.210003,0.022213,0.61057,0.160726,YES
-0.410032,-0.462218,0.382945,0.12466,YES
-0.127236,-0.153662,0.623835,0.153952,YES
-0.051959,0.191797,0.406349,0.190874,YES
-0.126641,0.216911,0.283363,0.099489,YES
-0.197101,0.152804,0.30539,0.159904,YES
-0.263007,0.106284,0.230935,0.13124,YES
-0.180239,0.132366,0.277591,0.16846,YES
-0.068362,0.159806,0.224427,0.168521,YES
-0.098314,0.164509,0.194231,0.213688,YES
-0.089206,0.292957,0.486227,0.177513,YES
-0.109585,0.231379,0.420665,0.163681,YES
-0.110681,0.276753,0.498378,0.212505,YES
-0.103198,0.15657,0.339331,0.185396,YES
0.000444,-0.038295,0.635638,0.319062,YES
-0.240166,-0.247615,0.245361,0.264384,YES
-0.072538,-0.040525,0.433136,0.362394,YES
-0.257175,-0.127326,0.240573,0.223801,YES
-0.439406,-0.239727,0.245892,0.189829,YES
-0.383595,-0.240307,0.358901,0.214347,YES
-0.327392,-0.25752,0.197845,0.224935,YES
-0.210478,-0.085214,0.361423,0.287987,YES
-0.262622,-0.073888,0.258605,0.294379,YES
-0.145566,-0.065685,0.309222,0.258503,YES
0.011896,0.078073,0.341328,0.278282,YES
-0.145314,-0.067374,0.294254,0.212813,YES
0.08117,0.25496,0.376954,0.287784,YES
-0.415261,-0.158728,0.136496,0.258388,YES
-0.419363,-0.336735,0.316587,0.218347,YES
-0.363932,-0.236924,0.373727,0.2534,YES
0.000444,-0.038295,0.635638,0.319062,YES
-0.240166,-0.247615,0.245361,0.264384,YES
-0.072538,-0.040525,0.433136,0.362394,YES
-0.257175,-0.127326,0.240573,0.223801,YES
-0.439406,-0.239727,0.245892,0.189829,YES
-0.383595,-0.240307,0.358901,0.214347,YES
-0.327392,-0.25752,0.197845,0.224935,YES
-0.210478,-0.085214,0.361423,0.287987,YES
-0.262622,-0.073888,0.258605,0.294379,YES
-0.145566,-0.065685,0.309222,0.258503,YES
0.011896,0.078073,0.341328,0.278282,YES
-0.145314,-0.067374,0.294254,0.212813,YES
0.08117,0.25496,0.376954,0.287784,YES
-0.415261,-0.158728,0.136496,0.258388,YES
-0.419363,-0.336735,0.316587,0.218347,YES
-0.363932,-0.236924,0.373727,0.2534,YES
0.669754,-0.153083,0.339304,0.280774,YES
0.315028,0.126883,0.22099,0.2032,YES
0.154231,-0.303155,0.219535,0.16323,YES
-0.205138,-0.378151,0.263361,0.169827,YES
-0.167873,-0.4075,0.202875,0.244684,YES
0.163284,-0.308167,0.205699,0.266521,YES
0.294448,0.044737,0.383331,0.193998,YES
0.464657,-0.129986,0.138898,0.192919,YES
0.126229,-0.091665,0.317855,0.291907,YES
0.393879,0.180227,0.138863,0.231967,YES
0.399224,0.076531,0.193757,0.176395,YES
0.045825,-0.14117,0.214009,0.156765,YES
-0.116734,-0.11023,0.166519,0.150552,YES
-0.232279,-0.242832,0.986946,0.533554,YES
-0.126615,0.001399,1.027071,0.640544,YES
-0.003258,-0.006968,1.211471,0.651869,YES
0.034056,0.061571,0.962598,0.516898,YES
-0.103251,0.033254,1.008644,0.577512,YES
-0.117824,-0.03096,1.15654,0.544112,YES
0.012655,0.177488,0.812052,0.551258,YES
0.264532,0.092494,1.091825,0.645836,YES
0.14679,0.134987,1.003757,0.560783,YES
-0.103713,-0.153795,0.992717,0.566728,YES
-0.26916,-0.244082,1.087857,0.558848,YES
-0.196813,-0.034647,0.947394,0.623381,YES
-0.022285,-0.030256,1.28118,0.625887,YES
0.02413,0.112083,1.044578,0.532705,YES
-0.112095,-0.084733,0.82232,0.483049,YES
-0.062044,-0.027729,0.380489,0.230192,YES
-0.040032,-0.234646,0.256976,0.476379,YES
0.525437,0.1171,0.240854,0.253314,YES
0.481632,0.509445,0.287477,0.323552,YES
0.259139,0.449697,0.231708,0.380786,YES
0.528689,0.145832,0.63457,0.362022,YES
0.523468,0.35015,0.504751,0.287091,YES
0.30366,0.532476,0.366086,0.328747,YES
0.231411,0.343583,0.276117,0.200575,YES
0.455312,0.390117,0.440577,0.316452,YES
0.152505,0.226803,0.312916,0.313148,YES
0.208405,0.196759,0.426908,0.296539,YES
0.022895,-0.015017,0.613544,0.28035,YES
-0.245075,-0.03559,0.57643,0.21149,YES
-0.261009,-0.259825,0.195828,0.172406,YES
-0.675588,-0.223494,0.336835,0.170905,YES
-0.574443,-0.292699,0.233376,0.14691,YES
-0.209522,0.060479,0.229437,0.154175,YES
-0.108638,0.208744,0.261977,0.176423,YES
-0.22976,-0.128163,0.343522,0.155438,YES
-0.243416,-0.208244,0.19997,0.138275,YES
-0.260656,-0.089054,0.187304,0.169402,YES
-0.271467,0.019999,0.138138,0.164886,YES
-0.213605,-0.079452,0.157439,0.131266,YES
0.063139,-0.022159,0.674078,0.250913,YES
0.090529,0.009534,0.947345,0.225544,YES
0.035429,0.054377,0.941266,0.718606,YES
0.017523,0.045407,0.933145,0.576646,YES
0.068652,0.00534,0.610107,0.235499,YES
0.060348,0.017292,0.891698,0.215272,YES
0.071513,0.069786,0.788668,0.690039,YES
0.034632,0.057927,0.933771,0.682328,YES
0.029024,-0.036345,0.506311,0.250251,YES
0.085821,-0.00604,0.974219,0.207573,YES
0.053919,0.050666,0.935704,0.624575,YES
0.017877,0.038616,0.947442,0.596017,YES
0.023928,-0.01359,0.512002,0.288852,YES
0.067166,0.010546,0.960056,0.296382,YES
0.035698,0.052436,0.754686,0.552613,YES
-0.020747,-0.033142,0.43111,0.421269,YES
-0.012716,0.049099,0.443648,0.291292,YES
-0.034964,-0.029938,0.353329,0.25283,YES
-0.231158,-0.157215,0.260476,0.159674,YES
-0.084758,-0.034228,0.299323,0.171599,YES
0.013863,0.107263,0.338375,0.245862,YES
-0.026916,-0.003178,0.343102,0.257648,YES
0.029626,0.078479,0.339854,0.252876,YES
-0.106996,-0.068986,0.234687,0.212395,YES
-0.154018,-0.115481,0.324194,0.174479,YES
-0.084899,-0.061915,0.45106,0.313675,YES
-0.24825,-0.103972,0.255311,0.141088,YES
-0.106666,-0.139325,0.22197,0.214343,YES
-0.130293,-0.125941,0.308772,0.204997,YES
0.087123,0.116415,0.760777,0.339103,YES
-0.023737,0.034023,0.365399,0.234165,YES
-0.027127,0.054241,0.256837,0.196869,YES
0.024905,0.021277,0.19221,0.176367,YES
-0.044785,0.058883,0.326259,0.273102,YES
-0.198629,-0.051035,0.24391,0.203545,YES
-0.296706,-0.242527,0.215352,0.187346,YES
-0.364053,-0.266679,0.209299,0.203874,YES
-0.260896,-0.179591,0.321981,0.190703,YES
-0.123298,0.150633,0.264006,0.288526,YES
-0.131199,0.178477,0.240534,0.205089,YES
-0.06782,-0.082504,0.218085,0.209682,YES
-0.199572,-0.209911,0.275131,0.195657,YES
-0.124565,-0.09069,0.355928,0.205713,YES
-0.255175,-0.071667,0.40656,0.271404,YES
-0.02204,0.059546,0.635765,0.552721,YES
0.060625,0.28576,0.71023,0.536479,YES
0.006191,0.370362,0.604263,0.466597,YES
-0.334889,0.148707,0.521241,0.180116,YES
-0.260519,0.195886,0.480334,0.164418,YES
-0.367325,0.137342,0.505678,0.280516,YES
-0.768858,0.298482,0.466209,0.170732,YES
-0.891792,0.281249,0.419034,0.156787,YES
-0.739732,0.411318,0.532641,0.19979,YES
-0.73948,0.431018,0.518724,0.543298,YES
-0.470077,0.426599,0.437267,0.30446,YES
-0.829326,0.175041,0.556974,0.401428,YES
-0.659486,0.102731,0.538557,0.552666,YES
-0.409694,-0.07629,0.542159,0.352581,YES
-0.460544,-0.137998,0.454542,0.287168,YES
0.127342,-0.098732,2.288817,0.670278,YES
0.248763,-0.185096,0.376305,0.279264,YES
0.20146,-0.215253,0.346303,0.211699,YES
0.058385,-0.244085,0.310278,0.285115,YES
0.273973,0.264834,0.331393,0.340873,YES
0.058135,0.293323,0.339689,0.289638,YES
0.448684,-0.134226,0.448677,0.301724,YES
0.31585,-0.203683,0.504211,0.283498,YES
0.195374,-0.011,0.292719,0.308271,YES
0.177403,-0.183744,0.274516,0.272314,YES
0.119338,-0.19847,0.361041,0.2791,YES
0.318062,0.022555,0.284917,0.246596,YES
0.195234,0.315925,0.877219,0.467824,YES
0.28978,-0.041484,0.347533,0.239364,YES
0.108759,-0.051083,0.273151,0.268445,YES
0.231281,0.301351,0.574052,1.128225,YES
0.394508,0.736601,0.475236,0.507596,YES
0.115282,0.29455,0.383928,0.298,YES
-0.139388,0.205695,0.357352,0.250141,YES
0.317755,0.508796,0.328699,0.473195,YES
0.339611,0.591628,0.363714,0.366197,YES
-0.03816,0.229213,0.335491,0.223869,YES
0.004587,0.194786,0.450041,1.07089,YES
0.256486,0.340507,0.376253,0.112415,YES
0.304288,0.539225,0.276125,0.319756,YES
0.320161,0.831332,0.447815,0.247243,YES
-0.141195,0.508755,0.304091,0.251842,YES
0.01843,0.013845,0.472588,0.567288,YES
0.079858,0.059696,0.518572,0.385126,YES
0.027531,0.076538,0.484395,0.479835,YES
0.102436,0.002778,0.311527,0.351117,YES
-0.015843,-0.109572,0.439268,0.348223,YES
-0.024561,-0.012352,0.303803,0.507487,YES
0.030525,0.048323,0.378886,0.553271,YES
0.022964,0.037573,0.521388,0.377895,YES
0.062614,0.015463,0.470322,0.336933,YES
0.100552,0.03075,0.335861,0.309992,YES
0.24814,0.007685,0.191472,0.327966,YES
0.252723,-0.115599,0.235328,0.273316,YES
-0.204428,0.000687,0.368135,0.46448,YES
-0.783524,-0.531372,0.487911,0.300164,YES
-0.538009,-0.183073,0.513909,0.280714,YES
0.041098,0.290999,0.391289,0.198891,YES
0.00991,0.141089,0.437183,0.3932,YES
-0.758873,-0.534006,0.389653,0.192137,YES
-0.43509,-0.059818,0.29004,0.420245,YES
-0.285482,0.090397,0.413788,0.224209,YES
-0.017416,0.290645,0.350104,0.473438,YES
-0.058908,-0.01233,0.366842,0.397017,YES
0.136142,0.164973,0.475529,0.165148,YES
0.168882,0.280915,0.357633,0.115262,YES
0.16932,0.02771,0.615477,0.368997,YES
0.126327,-0.164442,0.751411,0.290393,YES
0.176852,-0.191305,0.377612,0.235969,YES
0.081463,-0.289735,0.52402,0.525868,YES
-0.054279,-0.147597,0.513019,0.358709,YES
0.022565,-0.33536,0.485343,0.29844,YES
-0.013773,-0.178864,0.647996,0.296816,YES
0.036861,-0.165969,0.769214,0.341639,YES
0.229172,-0.155828,0.532622,0.242458,YES
0.136178,-0.22363,0.471417,0.527116,YES
0.010305,-0.135345,0.454584,0.34417,YES
0.026365,-0.244322,0.375287,0.255941,YES
0.011443,-0.020538,0.635418,0.463325,YES
0.139461,0.088761,0.620372,0.546278,YES
0.005022,0.076014,0.517907,0.438685,YES
-0.005376,0.058591,0.64971,0.393084,YES
0.214369,0.172267,0.57372,0.481885,YES
0.287214,0.0876,0.664008,0.488596,YES
0.192227,0.020496,0.605789,0.818035,YES
-0.050661,-0.092461,0.694569,0.393044,YES
-0.015699,0.028201,0.675449,0.410795,YES
0.008031,-0.076378,0.683237,0.438383,YES
0.153215,0.179468,0.685788,0.644227,YES
-0.0225,0.086433,0.489423,0.301535,YES
0.004824,0.083205,0.684785,0.396529,YES
0.255624,0.209847,0.630443,0.508369,YES
0.310495,0.178535,0.716974,0.451064,YES
0.062734,0.088993,0.803037,0.351705,YES
0.085437,0.17479,0.593691,0.329705,YES
0.066361,0.178921,0.552606,0.373857,YES
0.025454,0.145714,0.544833,0.354164,YES
-0.029789,-0.047869,0.729151,0.474516,YES
-0.016587,0.070607,0.784236,0.395129,YES
-0.093264,0.075864,0.727171,0.385186,YES
-0.040441,0.071025,0.660717,0.348654,YES
-0.019338,0.147654,0.631329,0.393961,YES
0.057025,0.121483,0.374112,0.352688,YES
-0.001169,0.071409,0.609364,0.434601,YES
0.024285,0.126287,0.602477,0.292603,YES
0.094823,0.154827,0.550786,0.325813,YES
0.020654,0.121819,0.501533,0.289931,YES
0.019829,0.043988,0.475764,0.23051,YES
-0.033956,0.126118,0.30628,0.407336,YES
0.078032,0.167453,0.322982,0.242782,YES
-0.011815,0.134719,0.409895,0.18434,YES
0.03269,0.210879,0.408742,0.365162,YES
0.060405,0.208071,0.287316,0.255359,YES
0.104832,0.199381,0.481009,0.501309,YES
0.000918,0.145844,0.417617,0.332192,YES
-0.02665,0.17904,0.359671,0.259536,YES
0.07888,0.183462,0.382861,0.186815,YES
0.010221,0.156054,0.359653,0.313036,YES
0.025811,0.149651,0.425161,0.355312,YES
0.059406,0.166849,0.348934,0.534937,YES
-0.260085,-0.141168,0.931229,0.463373,YES
-0.379949,-0.330123,0.426795,0.432272,YES
-0.492178,-0.340354,0.395796,0.346043,YES
-0.365276,-0.327524,0.434259,0.363402,YES
-0.439924,-0.195056,0.352716,0.403904,YES
-0.148876,-0.016741,0.278835,0.313718,YES
-0.440599,0.049038,0.410941,0.263069,YES
-0.168037,0.120442,0.41586,0.212746,YES
0.246501,-0.026389,0.552428,0.312263,YES
0.287283,-0.322599,0.209646,0.602855,YES
-0.152966,-0.215666,0.342171,0.18308,YES
-0.293216,-0.100741,0.482441,0.420753,YES
-0.197469,-0.358998,0.437287,0.342768,YES
0.262375,-0.271846,0.319427,0.342629,YES
0.603368,0.066502,0.348756,0.211527,YES
0.248311,0.185342,0.977749,0.33887,YES
0.19573,0.174159,0.796604,0.344128,YES
0.258048,0.228421,0.871489,0.333123,YES
0.186672,0.133561,0.837532,0.319586,YES
0.256452,0.212185,1.041277,0.269916,YES
0.228653,0.180644,1.05013,0.352642,YES
0.259731,0.182305,0.748515,0.350195,YES
0.248448,0.185128,0.892994,0.32593,YES
0.162201,0.149748,0.827169,0.375443,YES
0.25,0.239972,0.620953,0.274907,YES
0.210161,0.150913,0.859759,0.307535,YES
0.285009,0.193729,0.830415,0.308078,YES
0.167263,0.15537,0.808908,0.34851,YES
0.201353,0.165892,1.118932,0.419961,YES
0.255685,0.224003,0.439258,0.238467,YES
-0.102342,-0.259172,0.252882,0.238457,YES
0.120028,-0.160425,0.472388,0.278863,YES
0.008057,-0.122526,0.245061,0.204566,YES
-0.065789,-0.252682,0.188902,0.145418,YES
0.068465,-0.084498,0.16253,0.153259,YES
0.023242,-0.023662,0.205614,0.178691,YES
-0.028271,0.03128,0.201391,0.141411,YES
-0.176663,-0.141131,0.326358,0.346936,YES
0.071221,-0.274101,0.436366,0.337994,YES
0.184142,-0.114047,0.402585,0.204882,YES
-0.057484,-0.140733,0.190517,0.13637,YES
-0.037578,-0.206156,0.174581,0.165318,YES
0.031372,-0.107134,0.201021,0.14398,YES
0.126259,-0.208664,0.203932,0.244767,YES
-0.085647,-0.143789,0.212869,0.163822,YES
0.027715,0.256991,0.926015,0.292125,YES
0.188976,0.232946,0.646597,0.189534,YES
-0.102175,0.044456,0.504831,0.340817,YES
-0.010711,0.107042,0.659704,0.187518,YES
0.063428,0.137136,0.564784,0.337116,YES
-0.011087,0.064385,0.614301,0.363415,YES
-0.179698,-0.017183,0.710113,0.223374,YES
0.072241,0.12416,0.551043,0.351846,YES
0.373736,0.310624,0.63216,0.341113,YES
0.224054,0.073553,0.581103,0.198872,YES
0.318398,0.267509,0.563278,0.323628,YES
0.037065,0.04913,0.704398,0.278154,YES
0.162787,0.142082,0.821394,0.15652,YES
0.217302,0.170658,0.64939,0.321646,YES
0.108247,0.234202,0.925313,0.398854,YES
-0.117201,0.116347,0.947078,0.296825,YES
0.191079,0.178079,0.859094,0.40761,YES
-0.033215,0.361744,1.062876,0.411815,YES
-0.053156,0.321645,0.879225,0.443646,YES
0.020064,0.227446,0.738989,0.37385,YES
0.117772,0.271636,0.902621,0.436453,YES
0.142061,0.321543,1.052922,0.482702,YES
0.043048,0.341444,0.918018,0.458813,YES
0.02033,0.196238,0.740453,0.410396,YES
0.002045,0.257705,0.916757,0.564472,YES
-0.170452,0.058599,0.686601,0.389853,YES
0.111034,0.104234,1.027329,0.336761,YES
0.000589,-0.056291,0.414092,0.23746,YES
-0.168256,-0.108092,0.559312,0.229024,YES
0.135872,0.072853,0.652252,0.447791,YES
-0.142427,-0.152422,0.329108,0.285732,YES
0.088979,0.25212,0.379097,0.246937,YES
-0.04142,0.017957,0.600743,0.246664,YES
0.063132,-0.113336,0.599925,0.383279,YES
-0.103861,-0.112637,0.370063,0.226189,YES
0.348588,-0.002351,0.605988,0.31799,YES
-0.025965,0.0971,0.887775,0.299224,YES
-0.00776,-0.112076,0.574482,0.267303,YES
-0.160141,-0.27488,0.33282,0.236471,YES
-0.046315,-0.196421,0.480025,0.28496,YES
-0.015773,0.024833,0.680342,0.350055,YES
-0.081036,-0.202354,0.503975,0.310765,YES
0.337796,-0.222983,0.675446,1.644339,YES
0.53216,-0.367028,1.119135,0.363778,YES
0.010098,-0.160163,1.975317,1.238876,YES
-0.054182,-0.091161,1.209575,0.38512,YES
0.15978,0.07373,0.749717,0.349211,YES
0.161536,-0.030815,0.712964,0.304761,YES
0.173559,-0.25472,0.822599,0.388193,YES
0.190443,-0.236717,0.854833,0.441167,YES
-0.08244,-0.033896,0.780619,0.487567,YES
0.161515,0.082835,0.692944,0.296486,YES
0.158254,-0.019545,0.63633,0.384737,YES
0.167328,-0.255266,0.805755,0.473477,YES
0.178452,-0.241539,0.864705,0.503362,YES
-0.214753,-0.189728,0.76673,0.429665,YES
-0.186697,-0.227246,0.70984,0.305238,YES
-0.10424,0.06917,0.630487,0.346097,YES
-0.220422,-0.140746,0.631269,0.295545,YES
-0.331822,-0.21877,0.581592,0.272489,YES
-0.293685,-0.208956,0.519572,0.319829,YES
-0.106909,-0.010203,0.808162,0.273276,YES
0.245897,-0.004742,0.725526,0.294649,YES
-0.088853,0.180186,0.637,0.402607,YES
-0.095286,0.182039,0.77568,0.269413,YES
-0.179101,0.153201,0.799523,0.357558,YES
-0.129871,0.026407,0.478909,0.292716,YES
0.017905,-0.154876,1.022457,0.257339,YES
0.070339,-0.217096,0.269421,0.285229,YES
0.013357,-0.202114,0.327271,0.193003,YES
-0.201362,-0.226014,0.257164,0.293065,YES
-0.083161,-0.192051,0.249485,0.263358,YES
-0.161939,-0.194237,0.371764,0.282971,YES
0.070373,0.069113,0.302576,0.458592,YES
0.221092,0.155427,0.32113,0.361699,YES
0.265525,0.135373,0.334045,0.208682,YES
0.244068,0.153561,0.204211,0.38422,YES
0.139547,0.109783,0.341737,0.519869,YES
0.175162,0.195941,0.766372,0.276017,YES
0.744927,0.505377,0.346956,0.37104,YES
0.626715,0.090217,0.372344,0.237152,YES
0.674599,0.172897,0.270659,0.122993,YES
0.277035,-0.156153,0.323638,0.145857,YES
0.579702,0.287727,0.381719,0.216258,YES
0.824842,0.955676,0.3989,0.228231,YES
-0.094859,0.350137,0.414614,0.307399,YES
-0.664433,-0.709235,0.333737,0.224371,YES
-0.310379,-0.312158,0.42561,0.242597,YES
0.173257,0.531761,0.437683,0.263392,YES
-0.498597,-0.50287,0.349185,0.269567,YES
-0.883979,-0.569365,0.346383,0.188648,YES
-0.946808,-0.025438,0.250462,0.265335,YES
-0.231998,0.712699,0.397137,0.256913,YES
-0.187808,0.593502,0.398524,0.261643,YES
-0.238477,0.614516,0.346802,0.16842,YES
-0.083531,-0.173136,0.482633,0.274804,YES
-0.030406,0.14126,0.393069,0.284748,YES
0.158497,0.041559,0.268405,0.182504,YES
0.169326,-0.034833,0.316533,0.16118,YES
-0.024617,-0.170714,0.20951,0.232202,YES
-0.109338,-0.175187,0.168968,0.158597,YES
0.428769,0.025485,0.29357,0.186773,YES
0.124093,-0.061782,0.463433,0.16086,YES
-0.293444,-0.276465,0.190497,0.191805,YES
0.012464,-0.175898,0.229565,0.153477,YES
-0.096539,-0.200948,0.149979,0.172609,YES
-0.056102,-0.141489,0.124243,0.15057,YES
0.077174,-0.086507,0.719304,0.399984,YES
0.761117,0.243201,0.353471,0.307435,YES
0.954062,0.501523,0.417271,0.286629,YES
0.478103,0.259551,0.366034,0.340685,YES
-0.115762,0.08844,0.417302,0.307082,YES
-0.253847,-0.275426,0.536531,0.269653,YES
0.037356,-0.30043,0.750974,0.295426,YES
-0.17734,-0.65338,0.420786,0.243176,YES
-0.304371,-0.308203,0.734406,0.322724,YES
-0.148831,-0.213568,0.265885,0.157256,YES
0.267,-0.001501,0.344596,0.190518,YES
0.145185,0.055918,0.277766,0.232973,YES
-0.293063,-0.030404,0.240833,0.165947,YES
-0.431484,-0.019241,0.173869,0.088202,YES
-0.558524,-0.135354,0.419346,0.159542,YES
-0.208312,-0.215569,1.07366,0.662485,YES
-0.132393,-0.133421,0.526641,0.351592,YES
-0.11827,-0.27108,0.643484,0.313445,YES
-0.132152,-0.223881,0.632385,0.497005,YES
-0.083202,-0.186223,0.629137,0.476292,YES
-0.109308,-0.157265,0.64285,0.391557,YES
-0.156329,-0.180942,0.762042,0.521451,YES
-0.113835,-0.077924,0.697692,0.445246,YES
-0.018688,0.028474,0.423729,0.320002,YES
-0.146857,-0.320654,0.646707,0.393839,YES
-0.028059,-0.151341,0.621126,0.377814,YES
0.027447,0.145942,0.284925,0.343504,YES
-0.032097,-0.021029,0.558536,0.422642,YES
-0.148563,0.095697,0.57708,0.458669,YES
-0.146265,-0.065962,0.282369,0.346033,YES
0.162796,0.070245,0.409405,0.423249,YES
0.196893,0.107949,0.562886,0.382334,YES
0.127483,0.027325,0.570024,0.380412,YES
0.214723,0.123123,0.543879,0.400171,YES
0.203306,-0.011007,0.644728,0.315517,YES
0.153483,0.030765,0.586502,0.354664,YES
0.21577,0.099775,0.60269,0.378898,YES
0.066646,0.002443,0.233279,0.369712,YES
0.015724,-0.005517,0.407318,0.185904,YES
0.022904,-0.076037,0.278501,0.214271,YES
0.052865,-0.038926,0.303252,0.176056,YES
0.023908,-0.031267,0.479406,0.190584,YES
0.03063,0.015361,0.388804,0.245296,YES
0.075793,0.125631,0.228725,0.223588,YES
0.038322,0.047524,0.874551,0.545487,YES
0.112019,0.041471,0.943333,0.626513,YES
-0.040778,-0.119646,1.0496,0.707092,YES
-0.000386,-0.176184,0.71513,0.523566,YES
-0.092905,-0.024352,0.971954,0.495916,YES
0.072084,0.09429,0.997089,0.668359,YES
-0.020991,0.016665,0.867553,0.591343,YES
-0.022044,-0.066972,0.784514,0.543036,YES
-0.137818,0.05048,1.110862,0.488186,YES
0.005106,0.071273,1.041854,0.509617,YES
-0.027174,0.014332,0.99321,0.683713,YES
0.086771,0.09087,0.790358,0.607889,YES
0.01479,0.040218,1.075088,0.381287,YES
0.166539,0.159904,0.917747,0.446804,YES
0.140828,0.035197,1.069504,0.51455,YES
-0.119753,0.04001,0.717894,0.446696,YES
-0.060955,0.113239,0.600473,0.137023,YES
0.12325,0.059183,0.480196,0.156808,YES
0.016018,-0.020926,0.480034,0.220985,YES
-0.023122,0.007301,0.312723,0.274326,YES
-0.096459,0.056885,0.612443,0.177984,YES
0.063214,0.210366,0.354449,0.220951,YES
-0.070533,0.115223,0.402629,0.193051,YES
-0.018348,0.222572,0.325246,0.254355,YES
-0.012923,0.236278,0.566466,0.286749,YES
0.136812,0.158547,0.480994,0.192845,YES
0.198159,-0.065988,0.463155,0.272697,YES
-0.314396,-0.344877,0.224287,0.29541,YES
-0.157533,-0.173941,0.260069,0.226631,YES
0.031519,0.198695,0.690647,0.212698,YES
-0.243124,0.192118,0.768481,0.47739,YES
-0.317268,0.173813,0.596334,0.301796,YES
-0.364046,0.178329,0.630943,0.316684,YES
-0.316016,0.159594,0.72228,0.351589,YES
-0.248526,0.224519,0.578612,0.196392,YES
-0.062184,0.229536,0.859085,0.552685,YES
-0.15591,0.040031,0.378979,0.431431,YES
-0.155101,-0.091941,0.466835,0.693949,YES
-0.014342,0.212252,0.603806,0.474058,YES
0.078686,0.308931,0.626859,0.366658,YES
-0.187918,0.296724,0.656456,0.448945,YES
-0.070101,0.146556,0.485994,0.440507,YES
-0.102394,0.058327,0.483848,0.324587,YES
-0.018837,0.285333,0.615547,0.578906,YES
-0.126177,-0.056488,0.433519,0.362006,YES
0.054856,0.00615,0.654478,0.716272,YES
0.124985,0.036567,0.738719,0.579017,YES
-0.020051,-0.087261,0.825274,0.448801,YES
-0.120511,-0.055417,0.851704,0.575361,YES
0.015918,0.049609,0.918085,0.492936,YES
0.019145,-0.047123,0.867045,0.485565,YES
0.1791,0.078999,0.832806,0.443683,YES
0.143772,-0.018685,0.87996,0.564395,YES
0.162083,-0.011592,0.747082,0.615983,YES
0.021155,0.112242,0.707551,0.602285,YES
0.100846,0.026863,0.778277,0.414386,YES
0.128919,0.072207,0.827046,0.411266,YES
-0.050088,-0.007308,0.73087,0.515572,YES
0.025248,0.074431,0.636112,0.510834,YES
0.129575,0.042616,0.240258,0.193938,YES
0.159369,0.018232,0.100633,0.15933,YES
0.018845,-0.019191,0.264091,0.195548,YES
-0.255824,-0.076988,0.191749,0.140846,YES
-0.297536,-0.113925,0.223687,0.21093,YES
-0.264497,-0.044527,0.216151,0.215222,YES
0.146975,0.044733,0.192615,0.13804,YES
-0.042829,0.017415,0.135032,0.151231,YES
-0.031333,-0.036827,0.232199,0.148984,YES
-0.334499,-0.125619,0.198282,0.143722,YES
-0.363124,-0.247611,0.214599,0.218911,YES
-0.32042,-0.222962,0.25525,0.187017,YES
-0.076642,-0.035086,0.424376,0.172998,YES
-0.042378,0.010119,0.557462,0.328164,YES
-0.073431,-0.000879,0.602231,0.282117,YES
-0.048295,0.131531,0.596984,0.266602,YES
-0.039668,-0.005231,0.650615,0.310832,YES
0.043152,0.148153,0.650394,0.357911,YES
-0.078964,0.024185,0.546062,0.306318,YES
-0.066528,0.031001,0.644131,0.3275,YES
-0.077323,0.069824,0.629229,0.28464,YES
-0.058232,0.023591,0.50541,0.331028,YES
0.052868,-0.000164,0.468927,0.256157,YES
-0.000245,0.030727,0.274988,0.319037,YES
-0.03985,-0.02714,0.552913,0.293907,YES
-0.012765,0.160584,0.520772,0.335972,YES
0.03185,0.061625,0.492301,0.46422,YES
0.073938,0.109261,0.5795,0.374895,YES
-0.02023,0.18989,0.372651,0.270544,YES
-0.066811,0.240486,0.29728,0.223509,YES
-0.079198,0.15438,0.213813,0.232472,YES
-0.046502,0.152012,0.239882,0.20071,YES
0.011316,0.213155,0.218626,0.182782,YES
-0.041426,0.217001,0.179558,0.212516,YES
0.017438,0.201826,0.233928,0.162739,YES
-0.039187,0.160266,0.271384,0.210071,YES
0.007519,0.197821,0.495343,0.441017,YES
0.079485,0.237682,0.363868,0.301481,YES
0.048155,0.217072,0.250117,0.214259,YES
-0.0079,0.208833,0.264794,0.228772,YES
0.039296,0.204235,0.271998,0.239707,YES
0.046082,0.199943,0.26052,0.287134,YES
0.003194,0.251833,0.189783,0.254361,YES
0.016973,0.005329,0.354199,0.209163,YES
0.007163,0.014254,0.246951,0.19309,YES
0.086731,-0.011627,0.288141,0.27609,YES
0.094996,0.118185,0.248782,0.33836,YES
0.058086,0.084336,0.264443,0.3625,YES
0.084995,0.106456,0.337837,0.350258,YES
0.043328,0.040265,0.387133,0.367164,YES
0.103342,0.106215,0.372122,0.359916,YES
0.0595,0.094411,0.267348,0.308137,YES
0.115021,0.104544,0.310908,0.406458,YES
0.092496,0.016031,0.218823,0.42468,YES
0.114913,0.056829,0.248813,0.383884,YES
0.054165,0.081194,0.283864,0.31681,YES
0.020237,0.045506,0.321938,0.361113,YES
0.057471,0.047531,0.322127,0.296625,YES
0.317595,0.017078,0.572929,0.188066,YES
0.437816,-0.437298,0.611936,0.216766,YES
0.110391,-0.255001,0.457727,0.282019,YES
-0.03473,0.268968,0.445666,0.232822,YES
-0.073142,0.284321,0.536948,0.205029,YES
-0.312526,0.121502,0.293891,0.224001,YES
-0.444555,-0.059945,0.534417,0.214606,YES
-0.543895,0.184478,0.473957,0.231576,YES
-0.575478,-0.467801,0.586015,0.372593,YES
0.061788,-0.803677,0.370232,0.270935,YES
0.216705,-0.881842,0.465631,0.287955,YES
0.259476,0.063555,0.28803,0.227129,YES
0.045809,0.128802,0.566542,0.30103,YES
-0.171108,-0.088493,0.275002,0.116135,YES
0.010556,-0.490721,0.364411,0.265049,YES
0.191688,0.130114,0.456075,0.742043,YES
-0.471324,-0.253261,0.402175,0.226408,YES
-0.159805,-0.477768,0.250487,0.1671,YES
0.061004,-0.096624,0.545963,0.241002,YES
0.570333,0.179246,0.413333,0.239794,YES
0.322538,-0.096983,0.495549,0.208948,YES
0.384924,-0.05282,0.857167,0.269067,YES
-0.190124,0.006054,0.599304,0.299062,YES
-0.010622,0.185389,0.552269,0.208877,YES
0.005134,-0.133476,0.278074,0.20815,YES
-0.041935,-0.053283,0.460544,0.293465,YES
0.013102,0.043681,0.453871,0.216623,YES
-0.035794,0.071086,0.425447,0.267672,YES
-0.20767,-0.067941,0.249823,0.257895,YES
0.040657,0.075873,1.047899,0.498677,YES
-0.215837,-0.111494,1.259124,0.83523,NO
0.256251,0.293229,1.451695,0.630396,YES
0.000598,-0.118406,0.809744,0.712054,YES
0.256753,0.394945,0.764117,0.770176,YES
0.169343,0.240834,0.952442,0.543054,YES
0.142038,0.291568,0.593019,0.504237,YES
-0.250777,0.002522,0.63462,0.332996,YES
-0.167763,0.15179,0.551062,0.263035,YES
-0.19833,-0.01178,0.360541,0.265676,YES
-0.050945,0.293235,0.492811,0.319345,YES
-0.081663,0.184013,0.325822,0.277509,YES
-0.060663,-0.046884,0.716885,0.185089,YES
-0.08182,0.029155,0.443931,0.198842,YES
-0.08364,0.009572,0.666155,0.237287,YES
-0.01456,0.014492,0.632314,0.254634,YES
-0.093278,0.038153,0.776344,0.354186,YES
-0.043875,0.038341,0.667826,0.209907,YES
-0.092873,0.001418,0.695916,0.257653,YES
-0.101257,0.024741,0.652831,0.353243,YES
-0.04065,-0.013454,0.639077,0.326279,YES
-0.093556,0.003469,0.625626,0.29335,YES
-0.103405,0.031288,0.581256,0.257551,YES
-0.039472,0.065458,0.669344,0.263474,YES
0.013482,0.062121,0.55281,0.223443,YES
0.125457,0.105517,1.420497,0.480585,YES
0.1054,0.070562,0.128155,0.15787,YES
0.096005,0.041381,0.163571,0.14543,YES
0.006428,0.00434,0.172036,0.137254,YES
0.103681,0.100919,0.221179,0.120745,YES
-0.00742,0.079427,0.181689,0.161224,YES
0.073249,0.131826,0.171411,0.14959,YES
-0.074124,0.049185,0.2176,0.138753,YES
0.076023,0.192381,0.161218,0.148974,YES
0.074579,0.089305,0.325827,0.485346,YES
0.049755,0.042738,0.226603,0.174736,YES
0.069321,0.012018,0.126178,0.150111,YES
0.130241,0.142704,0.160626,0.139263,YES
-0.018511,0.006352,0.235256,0.287439,YES
-0.183868,-0.186487,0.337916,0.279026,YES
0.08845,-0.031564,0.204971,0.149075,YES
-0.144698,-0.090945,0.374687,0.215436,YES
-0.055086,-0.2602,0.25215,0.168279,YES
0.058672,0.090384,0.321556,0.199489,YES
0.022739,0.042942,0.188562,0.172272,YES
-0.125622,0.041593,0.216313,0.207969,YES
-0.167319,0.051463,0.255258,0.131653,YES
-0.290877,-0.143696,0.189749,0.155078,YES
-0.141251,-0.026484,0.194527,0.172491,YES
-0.195912,-0.11822,0.291618,0.150125,YES
-0.077084,-0.209707,0.378684,0.230338,YES
-0.300304,-0.209243,0.388847,0.282151,YES
-0.017465,0.031963,0.271771,0.183286,YES
0.001123,0.003324,0.291118,0.175495,YES
0.003801,0.003187,0.19999,0.160117,YES
0.017661,0.047223,0.188838,0.18805,YES
-0.058108,-0.094518,0.206151,0.191672,YES
-0.120866,-0.156462,0.266674,0.23425,YES
-0.113389,0.008607,0.150673,0.177229,YES
0.017771,0.055976,0.188263,0.12138,YES
-0.067978,-0.046552,0.17226,0.193952,YES
-0.049527,-0.051275,0.245785,0.206167,YES
-0.114691,-0.118356,0.228559,0.200075,YES
-0.167486,-0.08976,0.429952,0.43792,YES
-0.057197,-0.099612,0.338043,0.221698,YES
-0.205122,-0.185579,0.368367,0.3053,YES
-0.349963,-0.060236,0.348877,0.305099,YES
-0.183393,-0.077959,0.377434,0.302405,YES
-0.00951,-0.055402,0.532349,0.175244,YES
-0.073793,0.011896,0.306161,0.211742,YES
-0.104653,0.110642,0.388658,0.135545,YES
-0.108693,0.019934,0.487135,0.368999,YES
-0.043902,-0.066348,0.320629,0.183985,YES
-0.210393,0.132709,0.491362,0.190196,YES
-0.248171,0.165506,0.335654,0.283368,YES
-0.173253,-0.012662,0.412058,0.1926,YES
-0.192964,0.140617,0.490605,0.175393,YES
0.089329,0.059021,0.16059,0.306235,YES
0.131099,0.208353,0.178869,0.276039,YES
-0.05328,0.163667,0.133065,0.281894,YES
-0.051465,0.144441,0.234728,0.090541,YES
0.013353,0.005766,0.19012,0.320017,YES
-0.161299,-0.249741,0.227074,0.332942,YES
-0.23759,-0.193979,0.168734,0.14387,YES
0.200223,0.329153,0.142623,0.191229,YES
0.103033,0.178014,0.149936,0.318794,YES
-0.017772,0.027114,0.181098,0.206095,YES
0.098994,0.174365,0.171487,0.206014,YES
0.150816,0.116629,0.379625,0.41432,YES
0.127388,0.06976,0.21799,0.219483,YES
0.097381,0.022705,0.19728,0.157068,YES
-0.067012,-0.286966,0.323613,0.286473,YES
-0.408546,-0.73509,0.232904,0.271615,YES
-0.096087,-0.177244,0.365881,0.283803,YES
-0.253405,-0.350813,0.214862,0.205426,YES
-0.339847,-0.05308,0.229908,0.108226,YES
-0.273347,-0.208931,0.156579,0.144771,YES
-0.094913,-0.378089,0.207764,0.210476,YES
-0.138574,-0.432871,0.147825,0.167684,YES
0.072658,-0.235265,0.155329,0.134738,YES
-0.098214,-0.313433,0.211278,0.196078,YES
-0.082701,-0.356787,0.126318,0.133724,YES
-0.053355,-0.226804,0.265087,0.251917,YES
-0.378189,-0.275229,0.178736,0.192419,YES
-0.247301,-0.224107,0.257558,0.197091,YES
-0.274899,-0.293901,0.190945,0.195834,YES
-0.065055,0.017935,0.237091,0.148192,YES
0.007096,0.067205,0.224789,0.160185,YES
0.056126,0.124067,0.344535,0.221802,YES
-0.045348,0.129366,0.480836,0.358884,YES
-0.140645,0.017822,0.489933,0.310001,YES
-0.073394,0.060186,0.421255,0.359926,YES
0.073551,0.134361,0.445753,0.24729,YES
0.076436,0.120301,0.466574,0.388324,YES
0.056513,0.157774,0.527318,0.358933,YES
0.062944,0.044213,0.38093,0.304782,YES
0.082582,0.04516,0.344988,0.344097,YES
0.071397,0.110086,0.432695,0.34352,YES
-0.048019,0.224816,0.648311,0.480514,YES
0.051126,0.18196,0.50399,0.355496,YES
0.183423,0.161998,0.644262,0.455817,YES
0.202529,0.184404,0.346858,0.229426,YES
0.180893,0.264813,0.395227,0.280324,YES
-0.056737,0.040495,0.908844,0.336849,YES
-0.196739,-0.008109,0.30831,0.197686,YES
-0.072395,0.000448,0.349773,0.183274,YES
0.050303,0.015545,0.417049,0.230212,YES
0.116301,0.015262,0.338129,0.296779,YES
0.082809,0.023816,0.287239,0.27972,YES
0.036382,-0.196965,0.344705,0.292226,YES
-0.113003,-0.16797,0.36999,0.209273,YES
-0.182739,0.183383,0.273899,0.219708,YES
0.030377,0.155991,0.320661,0.229249,YES
-0.121804,-0.055847,0.358473,0.271969,YES
-0.027111,-0.075767,0.314973,0.275232,YES
-0.122228,-0.179409,0.194819,0.207826,YES
0.105964,-0.09729,0.237761,0.190804,YES
-0.056256,-0.33834,0.21245,0.169977,YES
0.213433,0.017981,1.02371,0.176627,YES
-0.062438,0.01557,0.299842,0.175193,YES
0.019537,0.077734,0.170087,0.147097,YES
0.053943,0.046284,0.176309,0.138064,YES
-0.299366,-0.124753,0.167508,0.16,YES
-0.385721,-0.366923,0.237065,0.213248,YES
-0.201013,-0.389848,0.125055,0.146595,YES
-0.226305,-0.312142,0.134349,0.167614,YES
-0.023194,-0.156655,0.210453,0.146929,YES
-0.161479,-0.042619,0.22375,0.109625,YES
-0.113729,-0.054904,0.18161,0.121571,YES
0.034577,0.139844,0.317978,0.118068,YES
0.232631,0.011181,0.210289,0.154164,YES
0.223102,0.155519,0.213176,0.144628,YES
-0.051588,-0.153715,0.405405,0.184616,YES
0.083158,-0.136449,0.26907,0.19382,YES
0.050964,0.007772,0.176116,0.266209,YES
-0.040245,0.093308,0.178438,0.194015,YES
-0.034395,-0.007236,0.341797,0.137298,YES
0.002802,-0.035164,0.213814,0.163421,YES
0.279096,0.114751,0.155031,0.18469,YES
0.16125,0.174367,0.296344,0.304386,YES
0.234552,0.175923,0.316714,0.269414,YES
0.182185,-0.033742,0.308035,0.198816,YES
0.137455,-0.05265,0.649175,0.303026,YES
-0.223382,-0.103984,0.215258,0.18234,YES
-0.156339,-0.176459,0.196192,0.148371,YES
-0.077658,-0.165276,0.129173,0.177652,YES
-0.062576,-0.255616,0.197502,0.153995,YES
-0.018745,-0.14192,0.542661,0.289661,YES
-0.025736,-0.021548,0.426603,0.170344,YES
-0.039046,-0.008196,0.356277,0.338657,YES
0.01753,0.105907,0.379452,0.222801,YES
0.009017,0.0283,0.374127,0.220956,YES
0.158174,0.094385,0.27989,0.258702,YES
-0.008437,-0.048177,0.249665,0.247747,YES
-0.025192,0.095173,0.362474,0.244743,YES
0.018797,-0.015912,0.364224,0.20884,YES
0.085407,0.057499,0.313633,0.250402,YES
-0.042745,-0.05207,0.535863,0.173424,YES
0.022128,0.00414,0.546628,0.215092,YES
0.06609,-0.035673,0.462062,0.263453,YES
0.029724,0.006635,0.382422,0.184473,YES
-0.020528,-0.026082,0.364855,0.193101,YES
-0.057292,-0.172062,0.231197,0.163606,YES
-0.027616,-0.034201,0.742416,0.341306,YES
-0.186156,-0.139965,0.130859,0.09812,YES
-0.116868,-0.182672,0.13934,0.154214,YES
-0.136115,-0.14523,0.280499,0.175052,YES
-0.125617,-0.092722,0.308082,0.253858,YES
-0.11797,-0.163754,0.425976,0.249371,YES
-0.279886,-0.2739,0.214471,0.152515,YES
-0.109603,-0.268649,0.194119,0.136109,YES
-0.182976,-0.122244,0.195044,0.150614,YES
-0.134411,-0.015729,0.158801,0.13691,YES
-0.067268,-0.054434,0.250877,0.21235,YES
-0.245024,-0.100403,0.155474,0.146691,YES
-0.13342,-0.134661,0.15041,0.134576,YES
-0.133186,-0.078254,0.214115,0.173548,YES
-0.234197,-0.150069,0.173673,0.156993,YES
-0.10646,-0.240293,1.150429,0.382126,YES
-0.24406,-0.371717,0.412112,0.220579,YES
-0.586103,-0.492584,0.22086,0.175027,YES
-0.388172,0.009268,0.27223,0.229277,YES
-0.21245,0.080936,0.376801,0.177368,YES
-0.317405,-0.007227,0.162709,0.163987,YES
0.182138,-0.055414,0.497729,0.186553,YES
0.283361,0.173552,0.266063,0.14369,YES
0.19131,0.157669,0.150835,0.132762,YES
0.099865,0.063986,0.184924,0.141457,YES
-0.133917,0.013831,0.189994,0.301877,YES
-0.139501,-0.147955,0.21218,0.17566,YES
-0.471849,-0.603241,0.268421,0.151417,YES
-0.272277,-0.327127,0.450061,0.153454,YES
-0.327854,-0.351214,0.332365,0.24568,YES
0.029563,0.027283,0.330411,0.294438,YES
0.073379,0.055662,0.379967,0.272166,YES
-0.011551,0.001098,0.330055,0.204938,YES
0.037692,-0.02611,0.388285,0.155063,YES
-0.072932,-0.050162,0.283776,0.202914,YES
-0.011653,-0.034363,0.290351,0.226519,YES
0.006989,0.012195,0.25589,0.252969,YES
0.03241,0.019441,0.195591,0.167065,YES
-0.067121,-0.06602,0.241329,0.252362,YES
-0.022659,-0.021867,0.24602,0.207514,YES
-0.038213,-0.079434,0.254751,0.21466,YES
-0.11013,-0.0484,0.257051,0.161903,YES
-0.082263,-0.06377,0.200956,0.187786,YES
-0.136176,-0.047617,0.139043,0.173323,YES
-0.131473,0.020542,0.180293,0.136872,YES
-0.06924,0.030017,0.531485,0.213617,YES
0.111593,-0.015312,0.447851,0.245389,YES
0.163165,0.098575,0.321891,0.214102,YES
0.107805,0.101582,0.141305,0.153054,YES
0.045154,-0.055767,0.181861,0.140952,YES
0.045506,-0.021224,0.208507,0.193108,YES
0.167787,0.042885,0.265344,0.188751,YES
-0.015388,-0.10333,0.121042,0.135798,YES
0.062801,-0.178983,0.228066,0.176407,YES
0.09504,-0.015194,0.281633,0.24615,YES
0.104319,0.042766,0.2333,0.232146,YES
-0.013036,-0.125951,0.20584,0.240106,YES
0.00721,-0.084515,0.198114,0.185236,YES
0.036976,-0.097852,0.316512,0.236485,YES
0.012812,-0.163441,0.203716,0.214563,YES
-0.064408,-0.169431,0.163712,0.183453,YES
-0.119044,0.175474,0.262266,0.2842,YES
-0.148002,0.36363,0.205147,0.193178,YES
-0.050757,0.213611,0.311691,0.201637,YES
0.06518,-0.023423,0.280037,0.301751,YES
0.098045,0.26127,0.346676,0.230247,YES
-0.209235,0.033958,0.284899,0.232833,YES
-0.217132,0.045966,0.264075,0.283218,YES
-0.078961,-0.035168,0.256854,0.169049,YES
-0.036155,0.165648,0.261669,0.198223,YES
-0.214164,0.37504,0.28696,0.26562,YES
-0.081219,0.228277,0.255762,0.228827,YES
0.092621,0.117808,0.191588,0.212091,YES
0.319789,0.085496,0.177117,0.353225,YES
-0.084602,-0.180367,0.190188,0.182165,YES
-0.089748,-0.036211,0.163997,0.191731,YES
-0.163413,-0.0293,0.218233,0.143174,YES
-0.007476,-0.091854,0.795826,0.284864,YES
-0.004717,-0.090463,0.842201,0.331412,YES
0.075024,-0.031149,0.565777,0.411455,YES
0.067698,-0.05857,0.487764,0.516201,YES
-0.056728,-0.024818,0.49652,0.469546,YES
0.077148,-0.073567,0.612167,0.391816,YES
-0.034876,-0.219082,0.649416,0.413697,YES
0.0882,0.023448,0.722117,0.334822,YES
0.095788,0.045663,0.626115,0.467827,YES
0.143696,0.072726,0.580122,0.449836,YES
-0.017668,0.073501,0.670739,0.417994,YES
0.034343,-0.181303,0.600672,0.364759,YES
0.128573,-0.005493,0.751648,0.377136,YES
0.108668,0.047888,0.392838,0.299819,YES
0.088615,0.052068,0.337275,0.251788,YES
0.034095,-0.016736,0.308274,0.177761,YES
0.058922,0.086302,0.299978,0.176111,YES
0.069305,0.048928,0.319854,0.235499,YES
0.05124,0.003107,0.321253,0.20114,YES
0.076516,0.027646,0.307351,0.185463,YES
0.080998,0.067211,0.319308,0.261041,YES
0.052329,-0.006836,0.273979,0.21576,YES
0.049716,0.06643,0.33123,0.15352,YES
0.078839,0.057053,0.315744,0.250024,YES
0.109909,0.018487,0.297301,0.280875,YES
-0.164467,-0.178228,0.647255,0.133575,YES
-0.132741,-0.167304,0.253233,0.175128,YES
0.079319,0.047056,0.167596,0.170392,YES
0.103783,0.068071,0.583738,0.29845,YES
0.056249,0.025246,0.39511,0.213558,YES
0.035728,-0.038852,0.78838,0.329649,YES
-0.041572,0.027861,0.84508,0.350262,YES
0.041498,0.034948,0.9752,0.369785,YES
0.015245,0.038903,1.002298,0.400437,YES
-0.081987,0.062758,1.081389,0.465939,YES
-0.272444,-0.136083,0.787572,0.256881,YES
-0.108556,-0.130623,0.92758,0.428317,YES
-0.04809,-0.058534,1.17866,0.3017,YES
0.011978,-0.008499,1.016672,0.410838,YES
-0.146973,-0.037147,0.887672,0.290848,YES
-0.11506,-0.001163,0.91942,0.456378,YES
0.148827,0.361999,0.37836,0.388603,YES
0.10633,0.063212,0.383025,0.194052,YES
0.093715,0.084289,0.288751,0.291604,YES
0.028491,0.383014,0.261088,0.270657,YES
0.271751,0.241284,0.269119,0.350285,YES
-0.079162,-0.399568,0.346754,0.212218,YES
0.25387,-0.340827,0.355617,0.201888,YES
0.381006,-0.408451,0.278509,0.360207,YES
0.398458,-0.249115,0.214564,0.149722,YES
0.486862,-0.045567,0.263052,0.371806,YES
0.353346,0.04323,0.463754,0.238216,YES
0.275147,0.361492,0.391051,0.268139,YES
0.216986,0.092168,0.25565,0.393413,YES
-0.02909,-0.254388,0.220281,0.258182,YES
-0.111674,-0.46536,0.11654,0.180883,YES
0.18681,0.204356,0.594374,0.222114,YES
-0.290674,0.151088,0.48356,0.244346,YES
-0.419856,0.006093,0.624673,0.369208,YES
-0.368865,-0.387961,0.508279,0.298347,YES
-0.394942,-0.236498,0.402039,0.166941,YES
-0.243847,-0.023549,0.420236,0.378706,YES
-0.065758,0.144542,0.440242,0.239902,YES
0.1349,0.090587,0.390893,0.203931,YES
0.010557,0.022936,0.495624,0.335321,YES
0.126281,0.298711,0.413805,0.225621,YES
-0.205953,-0.251293,0.589168,0.228781,YES
0.113061,-0.142289,0.324408,0.202863,YES
-0.045923,-0.312347,0.873314,0.441947,YES
0.114539,-0.196277,0.561819,0.360221,YES
0.117469,0.162455,0.809861,0.342491,YES
-0.088046,-0.184743,0.873915,0.284948,YES
0.020664,-0.134781,0.899828,0.369053,YES
0.021,-0.329857,0.419323,0.470746,YES
-0.017372,-0.278224,0.790888,0.334676,YES
0.27879,-0.099627,1.114236,0.38726,YES
0.138666,-0.265731,0.782224,0.413281,YES
0.036365,-0.241725,0.858387,0.294224,YES
0.138062,-0.056076,1.053921,0.465481,YES
-0.004312,-0.284207,0.845132,0.408878,YES
0.019892,-0.300954,0.401113,0.361024,YES
-0.203847,-0.429599,1.013834,0.285976,YES
-0.337642,0.071051,0.775311,0.381504,YES
-0.054223,0.205681,0.599486,0.294082,YES
0.000523,-0.352504,0.508672,0.359463,YES
-0.513627,0.188634,1.123168,0.295602,YES
-0.100306,0.069262,0.709766,0.404704,YES
-0.189748,-0.084012,0.697013,0.333695,YES
-0.385717,-0.009261,0.438055,0.285907,YES
-0.151154,0.204682,0.714005,0.380022,YES
0.051245,0.240135,0.740198,0.547782,YES
0.106708,-0.219056,0.489905,0.37883,YES
-0.140016,0.01405,0.836103,0.320269,YES
0.092463,-0.106036,0.563974,0.466617,YES
-0.003772,-0.234375,0.14608,0.125673,YES
-0.034206,-0.022211,0.231584,0.239471,YES
-0.023678,-0.015655,0.737685,0.434442,YES
-0.000388,0.198308,0.53053,0.456424,YES
-0.055826,-0.078043,0.172739,0.177161,YES
-0.077409,-0.159554,0.20854,0.172611,YES
0.091537,-0.100875,0.246114,0.220402,YES
0.260218,0.049734,0.297841,0.36823,YES
0.092133,-0.003845,0.474348,0.24138,YES
0.047042,-0.100303,0.217052,0.204607,YES
0.038415,0.068495,0.275467,0.272271,YES
0.172929,0.310752,0.367284,0.216375,YES
0.281943,0.294338,0.86665,0.290064,YES
0.178258,0.289199,0.425471,0.195632,YES
0.376018,0.398828,0.305435,0.208618,YES
-0.10059,-0.012443,0.254287,0.171164,YES
-0.378558,-0.24179,0.185558,0.141774,YES
-0.329111,-0.182472,0.264867,0.170164,YES
-0.442545,-0.333678,0.242394,0.13112,YES
-0.322317,-0.102932,0.196696,0.175896,YES
-0.067346,-0.035577,0.206081,0.18723,YES
0.031648,-0.111204,0.20435,0.231985,YES
-0.130676,-0.241819,0.214517,0.209175,YES
-0.143437,-0.063092,0.334315,0.151096,YES
-0.096711,-0.02741,0.136742,0.126507,YES
-0.007944,0.013157,0.265098,0.253815,YES
-0.099318,-0.012216,0.33353,0.218878,YES
-0.180766,0.060267,1.032625,0.278019,YES
-0.066149,-0.088864,0.252478,0.131389,YES
0.089513,0.057129,0.195316,0.152801,YES
0.178324,-0.126104,0.158653,0.179277,YES
0.107637,-0.118502,0.194098,0.134064,YES
-0.083151,-0.042464,0.234492,0.18784,YES
-0.063161,0.065938,0.192867,0.220539,YES
-0.074775,0.154323,0.179641,0.123901,YES
0.158582,0.096375,0.171052,0.15882,YES
0.014501,0.105219,0.172187,0.163374,YES
-0.104787,0.057219,0.254209,0.268405,YES
0.117643,-0.049205,0.147145,0.166377,YES
0.058309,-0.199364,0.167545,0.211825,YES
-0.010571,-0.204834,0.106762,0.155204,YES
0.1011,-0.242278,0.367098,0.255038,YES
-0.214733,-0.000422,0.62512,0.531391,YES
0.122929,0.043242,0.370196,0.31295,YES
0.058647,0.006415,0.41873,0.23163,YES
0.027091,0.001381,0.439535,0.262944,YES
0.038714,0.087353,0.306712,0.181962,YES
0.068707,0.060596,0.42699,0.186909,YES
0.124517,0.029441,0.42415,0.281058,YES
0.035065,0.068093,0.600145,0.233696,YES
-0.144373,-0.038715,0.493464,0.183346,YES
0.058015,0.043939,0.37149,0.291934,YES
0.062778,0.131593,0.349428,0.154562,YES
0.003379,0.094626,0.455672,0.31782,YES
0.142044,0.126845,0.345105,0.208538,YES
0.106456,0.134823,0.48547,0.244019,YES
0.022326,0.018777,0.887153,0.318602,YES
-0.10702,-0.110042,0.501255,0.21007,YES
0.090138,-0.028901,0.405125,0.254246,YES
0.118514,0.005468,0.350834,0.253035,YES
0.002985,0.018038,0.598257,0.176967,YES
-0.401774,-0.246042,0.614465,0.219985,YES
-0.137816,-0.046033,0.31208,0.167245,YES
-0.066328,-0.076277,0.693801,0.315258,YES
-0.106135,-0.042299,0.51586,0.344809,YES
0.009417,0.031695,0.481801,0.387455,YES
0.016638,0.015198,0.394235,0.333085,YES
0.068766,0.051515,0.494093,0.335923,YES
-0.261236,-0.268084,0.510778,0.191251,YES
-0.707528,-0.33233,0.484441,0.243887,YES
-0.04005,-0.116498,0.199838,0.205396,YES
0.152401,-0.065001,0.124759,0.167903,YES
-0.063892,-0.110303,0.122255,0.135633,YES
-0.016913,-0.164137,0.095613,0.133457,YES
0.086928,-0.004668,0.188376,0.132271,YES
0.063153,-0.155168,0.124868,0.134257,YES
0.0169,-0.152257,0.217376,0.173231,YES
-0.089848,-0.280168,0.20265,0.173141,YES
0.007921,-0.120499,0.255438,0.212068,YES
-0.023544,-0.014999,0.246409,0.19546,YES
-0.02926,0.198754,0.196098,0.197513,YES
-0.176567,0.16032,0.244084,0.16974,YES
0.205743,0.13138,0.19311,0.302452,YES
0.145246,0.033579,0.218547,0.208729,YES
-0.007389,-0.066693,0.207649,0.118233,YES
0.116509,0.049009,0.241118,0.173133,YES
0.171925,0.079441,0.235702,0.166183,YES
0.141387,-0.034935,0.189383,0.137564,YES
0.195886,0.070218,0.248186,0.129074,YES
0.090213,-0.039947,0.194426,0.143935,YES
0.033213,0.0635,0.230909,0.165344,YES
0.131558,0.058364,0.206561,0.201811,YES
-0.082149,-0.255354,0.344899,0.180419,YES
0.093785,-0.113558,0.220903,0.182872,YES
0.219176,0.131626,0.286952,0.228413,YES
0.133105,0.09355,0.237621,0.140046,YES
0.152882,0.17846,0.210592,0.288064,YES
-0.125311,0.352957,1.10865,0.496718,YES
-0.243019,0.244808,1.047565,0.423599,YES
-0.202089,0.109531,1.129198,0.366519,YES
-0.36234,0.069273,0.991022,0.298289,YES
0.0436,0.160084,1.076808,0.402856,YES
-0.208275,0.168606,1.175366,0.425615,YES
-0.150994,0.031481,1.34183,0.362853,YES
-0.286652,-0.115472,1.038829,0.338047,YES
-0.195466,0.110712,1.119611,0.347583,YES
-0.369973,0.1658,0.930291,0.453564,YES
-0.390537,0.029713,1.215567,0.516094,YES
-0.354011,0.05447,0.931997,0.33431,YES
-0.15444,0.120071,0.975943,0.435676,YES
-0.002536,0.235351,1.009941,0.477152,YES
-0.225756,0.081427,1.058002,0.366954,YES
-0.098184,-0.117025,0.219445,0.156098,YES
-0.120313,0.011949,0.18396,0.174889,YES
0.02555,0.15258,0.217923,0.158177,YES
0.122025,0.308053,0.189269,0.166193,YES
0.123247,0.286288,0.161432,0.140217,YES
0.009919,0.197106,0.174209,0.182732,YES
0.074071,0.211507,0.228045,0.167783,YES
0.161396,0.221503,0.202063,0.157973,YES
-0.190164,-0.379116,0.270722,0.155491,YES
-0.451128,-0.418408,0.170855,0.190504,YES
-0.497461,-0.256098,0.480196,0.272176,YES
-0.401481,-0.173831,0.271893,0.186301,YES
-0.438084,-0.175272,0.243656,0.240434,YES
-0.21636,-0.089017,0.39872,0.250146,YES
-0.058594,-0.06906,0.179209,0.228652,YES
0.038891,-0.154936,0.456553,0.203846,YES
-0.199515,-0.071725,0.24815,0.300859,YES
0.130807,0.264365,0.36557,0.124616,YES
0.076322,-0.148255,0.350173,0.195116,YES
-0.084596,-0.220472,0.235816,0.281726,YES
-0.109841,-0.367443,0.401693,0.231785,YES
-0.123218,-0.23744,0.405491,0.401875,YES
-0.090013,-0.106454,0.441172,0.207288,YES
-0.022861,-0.065302,0.375446,0.220071,YES
0.197427,0.21537,0.318625,0.197675,YES
0.165489,0.13352,0.45906,0.265283,YES
0.076752,0.056056,0.238249,0.195771,YES
0.029149,0.170611,0.320246,0.22259,YES
0.059044,0.036982,0.394177,0.252212,YES
0.176904,0.109751,0.312877,0.269562,YES
0.096721,0.014218,0.225224,0.200101,YES
0.122225,0.067701,0.297911,0.159066,YES
-0.061373,0.132752,0.588255,0.223378,YES
-0.103457,-0.139217,0.249399,0.133569,YES
-0.144296,-0.101721,0.340678,0.183287,YES
-0.154169,-0.209961,0.322286,0.204873,YES
-0.193494,-0.162791,0.334429,0.175481,YES
-0.278104,-0.197662,0.417399,0.189518,YES
-0.137248,-0.146961,0.253435,0.18884,YES
-0.038984,-0.026221,0.395466,0.168377,YES
-0.004214,-0.037726,0.549442,0.236056,YES
0.006921,-0.025766,0.469188,0.281585,YES
-0.013534,0.035641,0.465519,0.281795,YES
0.106809,-0.041903,0.605565,0.222235,YES
0.056573,-0.047798,0.363655,0.237465,YES
-0.012284,-0.137746,0.547928,0.222523,YES
0.03304,0.009784,0.421458,0.311329,YES
-0.058375,-0.125076,0.633135,0.213811,YES
0.091111,-0.015407,0.318999,0.244037,YES
-0.059229,-0.059725,0.426385,0.319302,YES
0.004375,0.045896,0.503893,0.512676,YES
0.012509,-0.043262,0.490883,0.437629,YES
-0.01901,-0.020331,0.32464,0.318348,YES
0.02327,-0.084247,0.554489,0.308069,YES
-0.11389,-0.206505,0.224707,0.160774,YES
-0.056777,-0.146462,0.232946,0.170239,YES
-0.142135,-0.170389,0.182291,0.164827,YES
-0.116173,-0.142735,0.160171,0.138604,YES
-0.10655,-0.148292,0.210926,0.192019,YES
-0.07966,0.032221,0.150161,0.16923,YES
-0.195032,0.029398,0.203812,0.190272,YES
-0.385793,-0.258112,0.18568,0.175122,YES
-0.260673,-0.111986,0.154017,0.211058,YES
-0.149941,-0.17455,0.217997,0.148783,YES
-0.088601,0.161945,0.246975,0.181676,YES
-0.070296,-0.131098,0.175808,0.159571,YES
0.027339,0.044998,0.205757,0.124481,YES
0.197405,0.216995,0.127328,0.155016,YES
0.166292,0.124057,0.194692,0.167485,YES
-0.016054,-0.167041,0.472938,0.421786,YES
-0.412828,-0.471436,0.296765,0.431501,YES
-0.479238,-0.457326,0.524554,0.363827,YES
-0.26855,-0.19874,0.284614,0.174721,YES
-0.341204,-0.075634,0.293822,0.329155,YES
-0.466713,-0.179563,0.175556,0.231666,YES
-0.398242,-0.158345,0.299919,0.343244,YES
-0.010738,-0.013309,0.311282,0.344735,YES
0.037424,0.037573,0.319626,0.245793,YES
-0.052058,0.017732,0.337047,0.260347,YES
-0.08325,-0.001926,0.217457,0.348162,YES
-0.158667,-0.037916,0.26273,0.190748,YES
-0.110816,-0.135664,0.346246,0.189794,YES
-0.049652,0.001122,0.202766,0.176767,YES
0.078178,0.10921,0.17308,0.135389,YES
0.090224,0.018828,0.240346,0.107916,YES
0.057222,0.070978,0.119785,0.176814,YES
0.094505,0.149966,0.220235,0.231665,YES
0.185416,0.231641,0.292301,0.169757,YES
0.133408,0.127775,0.166896,0.191738,YES
0.041632,0.058707,0.35134,0.199808,YES
-0.000555,0.045344,0.321411,0.136827,YES
0.122313,0.045218,0.16342,0.189301,YES
-0.062931,0.051744,0.391391,0.21218,YES
-0.194994,-0.025091,0.507655,0.385274,YES
-0.101322,-0.001671,0.195844,0.312918,YES
0.096432,0.194618,0.397826,0.165474,YES
0.101651,0.26516,0.300703,0.22743,YES
-0.095016,-0.144964,2.892573,0.425873,YES
-0.201376,-0.361853,0.439482,0.305638,YES
-0.609267,-0.305323,0.344011,0.176605,YES
-0.535205,-0.079511,0.53365,0.223392,YES
-0.025008,-0.19753,0.528023,0.253031,YES
0.185604,-0.039514,0.832228,0.201777,YES
0.129431,-0.299869,0.756843,0.251294,YES
-0.225437,0.033951,1.047885,0.235694,YES
-0.412574,0.023342,0.69935,0.311429,YES
-0.499543,-0.310411,0.412318,0.271286,YES
-0.150707,0.350599,0.165409,0.238007,YES
0.135021,0.42909,0.197792,0.240651,YES
0.489637,0.297632,0.474034,0.213866,YES
0.152041,0.264897,0.297068,0.303023,YES
-0.043061,0.096087,0.398719,0.121057,YES
-0.266755,0.004818,0.303104,0.396557,YES
-0.001866,0.270542,0.351643,0.259251,YES
-0.143096,0.09679,0.22262,0.229012,YES
-0.36162,-0.010358,0.240132,0.213694,YES
-0.156942,-0.060254,0.192435,0.184481,YES
0.096046,0.093146,0.180361,0.152616,YES
-0.25143,0.005528,0.21361,0.230119,YES
-0.330183,-0.026887,0.226033,0.186923,YES
-0.349063,-0.067553,0.13751,0.132667,YES
-0.201009,-0.107409,0.14658,0.178616,YES
-0.340087,-0.017513,0.161894,0.169159,YES
-0.175575,0.015637,0.266751,0.316229,YES
-0.038848,0.280269,0.232211,0.157018,YES
-0.197583,0.048241,0.253476,0.198673,YES
-0.34838,-0.015614,0.254635,0.174395,YES
0.070542,-0.031399,0.194664,0.186666,YES
-0.127125,0.077691,0.237604,0.212153,YES
-0.277811,-0.033223,0.088858,0.161738,YES
-0.149367,-0.125443,0.412286,0.178847,YES
0.060571,-0.154083,0.31491,0.171781,YES
0.005611,-0.170612,0.321943,0.225695,YES
-0.019784,-0.166716,0.281847,0.194809,YES
0.00636,-0.054193,0.320237,0.19652,YES
0.103985,-0.000481,0.257043,0.115574,YES
0.063746,-0.045336,0.315311,0.167448,YES
-0.213793,-0.252477,0.283989,0.127904,YES
-0.119874,-0.111172,0.338505,0.197465,YES
-0.016062,-0.105763,0.319934,0.182655,YES
-0.101892,-0.082132,0.309648,0.214397,YES
-0.056663,-0.09135,0.294623,0.188935,YES
-0.16703,-0.101467,0.386344,0.197348,YES
-0.053036,-0.109394,0.380019,0.159568,YES
-0.052368,-0.060726,0.420066,0.226058,YES
-0.014358,-0.125396,0.295847,0.249238,YES
-0.044887,0.003097,0.505076,0.257291,YES
-0.078427,-0.101999,0.409189,0.226383,YES
-0.057649,-0.116007,0.440802,0.268276,YES
-0.02281,-0.04013,0.347322,0.235915,YES
-0.108382,-0.043312,0.320107,0.237725,YES
-0.069365,0.00915,0.289304,0.289424,YES
-0.04717,-0.041018,0.339968,0.222355,YES
-0.100151,-0.01211,0.512277,0.335732,YES
-0.143565,-0.049817,0.415801,0.266078,YES
-0.077985,-0.113542,0.530294,0.307585,YES
-0.084909,-0.046346,0.458081,0.272859,YES
-0.11284,-0.047216,0.420098,0.326909,YES
-0.080853,-0.041513,0.487787,0.377977,YES
-0.08631,-0.107571,0.441521,0.369451,YES
-0.161278,-0.028706,0.327722,0.268871,YES
-0.161434,0.031949,0.313405,0.161219,YES
-0.070149,-0.006167,0.321905,0.25173,YES
-0.101041,-0.104866,0.544685,0.230686,YES
-0.214784,-0.086186,0.298661,0.249368,YES
-0.304855,-0.245729,0.268883,0.135766,YES
-0.143645,-0.010305,0.394702,0.231762,YES
-0.082821,-0.014003,0.366487,0.234205,YES
-0.049491,0.069243,0.683271,0.151904,YES
-0.176661,0.068415,0.319773,0.248314,YES
-0.123378,0.05898,0.388678,0.175715,YES
0.043551,0.158773,0.289927,0.244736,YES
-0.139087,-0.150112,0.438574,0.179094,YES
-0.057942,0.128515,0.512665,0.213548,YES
0.20486,0.19882,0.309793,0.163706,YES
0.184729,0.093789,0.541582,0.315054,YES
0.142973,-0.02841,0.500275,0.344887,YES
0.099204,-0.079164,0.414501,0.416409,YES
0.262728,0.089943,0.629132,0.3727,YES
0.320283,0.064201,0.556565,0.322746,YES
0.033491,0.010616,0.544117,0.398365,YES
0.048217,0.038242,0.470992,0.446031,YES
0.060261,0.01347,0.605484,0.368917,YES
0.146748,0.055269,0.539427,0.37367,YES
0.069907,0.030946,0.507938,0.435555,YES
0.054944,-0.119711,0.503811,0.375773,YES
0.448295,0.20985,0.592546,0.343214,YES
-0.013129,0.128925,2.494602,0.550507,YES
-0.304925,0.193512,1.093504,0.709156,YES
-0.128969,0.165672,0.801061,0.552771,YES
0.09119,0.139624,0.474507,0.266846,YES
0.050616,0.05767,0.536981,0.48586,YES
-0.108937,0.06177,0.542704,0.447718,YES
0.036683,0.169043,0.556408,0.310018,YES
-0.101744,0.299686,0.917855,0.594809,YES
-0.094189,0.06508,0.345451,0.20448,YES
-0.076082,0.007532,0.323784,0.257081,YES
-0.344336,-0.084161,0.636931,0.253608,YES
-0.129275,0.214248,0.300409,0.428132,YES
0.055135,0.061038,0.497659,0.597894,YES
0.070774,-0.039621,0.872382,0.557769,YES
-0.015274,-0.06225,0.376807,0.639534,YES
0.112727,0.176039,0.441725,0.286747,YES
-0.139999,-0.018641,0.766871,0.508783,YES
-0.456185,-0.573014,0.106887,0.15406,YES
0.098068,-0.091724,0.419266,0.333451,YES
0.11082,0.800352,0.300946,0.208529,YES
0.160572,0.568018,0.356459,0.279562,YES
0.037633,0.376433,0.267035,0.380764,YES
0.106935,0.550534,0.263746,0.195422,YES
0.099402,0.647653,0.194154,0.387161,YES
-0.129867,0.345852,0.367176,0.607978,YES
-0.231574,-0.119678,0.423037,0.2048,YES
-0.007161,-0.190898,0.346296,0.369159,YES
0.082001,0.117293,1.892213,0.179532,YES
0.071904,0.100813,0.149504,0.167662,YES
0.08219,0.152216,0.167782,0.128473,YES
0.065756,0.06267,0.141385,0.12252,YES
0.086433,0.128405,0.168097,0.146626,YES
0.117061,0.139852,0.147547,0.131874,YES
0.105252,0.090646,0.213843,0.179553,YES
0.088231,0.105206,0.133637,0.146792,YES
0.042939,0.079584,0.145456,0.113964,YES
0.105625,0.156996,0.185712,0.115164,YES
0.120006,0.150764,0.18433,0.135503,YES
0.09905,0.111542,0.16168,0.142556,YES
-0.061576,-0.157377,0.748666,0.368987,YES
-0.038105,0.3469,0.337928,0.166659,YES
-0.147194,0.232982,0.333256,0.197363,YES
-0.365019,0.255296,0.38617,0.096494,YES
-0.148672,0.153807,0.358139,0.157224,YES
-0.167714,0.215797,0.324267,0.16519,YES
-0.300392,-0.013478,0.711524,0.330594,YES
-0.079476,0.205662,0.216852,0.158382,YES
-0.201066,0.308752,0.313758,0.175602,YES
-0.045205,-0.057163,0.668041,0.462638,YES
-0.304877,0.063757,0.35404,0.179124,YES
-0.15915,0.112391,0.507559,0.145442,YES
-0.299234,0.059281,0.164046,0.153018,YES
-0.190598,0.104887,0.147538,0.142046,YES
-0.336246,-0.087176,0.128147,0.12227,YES
-0.238578,-0.007698,0.130929,0.154138,YES
-0.124759,-0.017017,0.139033,0.137276,YES
-0.279398,-0.112086,0.160518,0.12123,YES
0.105539,0.181844,0.159756,0.096836,YES
-0.162419,0.152529,0.185789,0.208987,YES
-0.37043,0.04377,0.234717,0.191978,YES
-0.272881,0.03996,0.148753,0.199993,YES
-0.242464,-0.067363,0.140858,0.142256,YES
-0.284709,0.043898,0.181602,0.155129,YES
-0.192459,0.03646,0.187824,0.129315,YES
-0.214278,0.013308,0.14993,0.15154,YES
-0.062515,0.064987,0.150803,0.104948,YES
-0.136389,-0.036325,0.148053,0.145711,YES
0.123362,-0.041712,1.270137,0.274827,YES
0.081974,0.047342,1.290446,0.554355,YES
0.107139,-0.073632,0.831539,0.145075,YES
0.1448,0.033517,1.570634,0.583994,YES
0.124187,-0.031135,0.744407,0.548953,YES
-0.002287,-0.55998,0.56294,0.412715,YES
0.030228,-0.283341,0.658945,0.353154,YES
0.13992,0.006084,0.391853,0.408618,YES
0.065482,-0.143519,0.758054,0.388981,YES
0.185824,0.10786,0.323219,0.284151,YES
0.026297,-0.506192,0.555509,0.430154,YES
0.032505,-0.277785,0.660465,0.342829,YES
0.157279,-0.007546,0.489838,0.318518,YES
-0.272404,-0.10664,0.551143,0.443243,YES
0.259266,0.294256,1.696107,0.249756,YES
0.23544,0.394366,0.563928,0.35331,YES
0.004083,0.294187,0.533164,0.180586,YES
0.069292,0.146482,0.624509,0.290597,YES
0.007164,0.108216,0.49811,0.223865,YES
0.119785,0.529248,0.290664,0.340395,YES
0.062719,0.263816,0.609562,0.249723,YES
0.001231,0.318781,0.301302,0.185017,YES
0.005772,0.143308,0.670054,0.241138,YES
-0.133375,0.001063,0.39293,0.191684,YES
0.149791,0.410764,0.240107,0.167007,YES
0.141691,0.324743,0.433092,0.266049,YES
0.011738,0.296763,0.381306,0.232262,YES
0.046051,0.069848,0.604157,0.230053,YES
0.026308,0.264356,0.295079,0.224247,YES
-0.03134,0.25434,0.317337,0.238889,YES
0.012119,0.109145,1.994233,0.223712,YES
0.099243,0.451876,0.179198,0.129145,YES
0.11069,0.423567,0.161049,0.119956,YES
0.086609,0.460586,0.2405,0.147594,YES
-0.029893,0.375334,0.178391,0.165346,YES
0.001098,0.368585,0.188601,0.147816,YES
0.116446,0.404362,0.183006,0.199427,YES
0.108526,0.391153,0.158703,0.18443,YES
0.05155,0.291867,0.204603,0.212332,YES
0.039159,0.25263,0.167667,0.212703,YES
0.047389,0.250153,0.208868,0.197273,YES
-0.110376,-0.041157,0.142316,0.181042,YES
-0.226741,-0.230595,0.182584,0.190475,YES
-0.17668,-0.201166,0.178802,0.179257,YES
-0.144189,-0.147217,0.169521,0.23387,YES
0.111275,0.096993,0.382365,0.347584,YES
0.156025,0.167619,0.234146,0.167009,YES
0.111558,0.09154,0.265467,0.202493,YES
0.143401,0.027832,0.239588,0.158152,YES
0.08348,0.121494,0.291741,0.237281,YES
0.166348,0.149311,0.250673,0.150054,YES
0.115875,0.053498,0.269312,0.212124,YES
0.09837,0.039728,0.241647,0.199372,YES
0.109644,0.153966,0.268836,0.181729,YES
0.143137,0.120943,0.289381,0.204467,YES
0.12154,0.023002,0.218246,0.139219,YES
0.097427,0.115554,0.314015,0.247263,YES
0.154727,0.143256,0.280505,0.238936,YES
0.115452,0.070068,0.284607,0.256044,YES
0.075596,-0.03544,1.275612,0.868189,YES
-0.043585,0.070802,0.681784,0.454678,YES
-0.012242,-0.014847,0.514214,0.369514,YES
-0.002345,0.028056,0.493139,0.381488,YES
0.037807,-0.073941,0.577766,0.399278,YES
0.084389,0.007838,0.596046,0.445318,YES
-0.045412,0.043177,0.542706,0.481634,YES
0.012864,-0.11907,0.552487,0.513661,YES
0.116932,-0.085659,0.532511,0.396701,YES
-0.037365,-0.038517,0.430715,0.311344,YES
0.046762,-0.027913,1.100302,0.512445,YES
0.025926,0.077104,0.556651,0.395938,YES
-0.065336,-0.050233,0.518504,0.392061,YES
0.036319,-0.089301,0.462946,0.431518,YES
0.09255,-0.101859,0.509613,0.420069,YES
0.170544,0.125308,0.299183,0.253861,YES
0.06227,0.059184,0.435598,0.213459,YES
0.226796,0.034052,0.316518,0.218345,YES
0.031509,0.131027,0.318915,0.357489,YES
0.053962,-0.005916,0.472635,0.259217,YES
0.206051,0.099423,0.193877,0.332551,YES
0.102652,0.113238,0.563065,0.168053,YES
0.355076,0.07255,0.280459,0.166874,YES
-0.081344,-0.000248,0.343376,0.235966,YES
-0.146768,-0.042352,0.290562,0.114714,YES
0.003757,-0.1462,0.528159,0.530187,YES
0.087202,0.063923,0.390236,0.355287,YES
